Fecha,Ventas,Festivo,IsWeekend,DiaSemanaNum,DiaSemana_0,DiaSemana_1,DiaSemana_2,DiaSemana_3,DiaSemana_4,DiaSemana_5,DiaSemana_6,Ventas_Log,Ventas_Loess,Ventas_Log_Loess
2021-11-02,80413.11,0,0,1,0,1,0,0,0,0,0,11.294944937281608,29692.704031086723,10.11615794388712
2021-11-03,14889.17,0,0,2,0,0,1,0,0,0,0,9.608456542671309,29674.2016517426,10.115607899659944
2021-11-04,50003.14,0,0,3,0,0,0,1,0,0,0,10.819861080982552,29656.031450876813,10.115075310910656
2021-11-05,39607.01,0,0,4,0,0,0,0,1,0,0,10.586786649515474,29638.193545849612,10.114560133343025
2021-11-06,0.0,0,1,5,0,0,0,0,0,1,0,0.0,29620.685372713775,10.114062207351324
2021-11-07,0.0,0,1,6,0,0,0,0,0,0,1,0.0,29603.503110772963,10.113581262623041
2021-11-08,13133.119999999999,0,0,0,1,0,0,0,0,0,0,9.48296870330123,29586.647275735126,10.113117002165207
2021-11-09,27451.68,0,0,1,0,1,0,0,0,0,0,10.220219074230265,29570.12367254455,10.112669145922476
2021-11-10,28554.46,0,0,2,0,0,1,0,0,0,0,10.259603440232036,29553.94146475945,10.112237502076528
2021-11-11,33211.55,0,0,3,0,0,0,1,0,0,0,10.410683095524218,29538.11081035678,10.111821873830435
2021-11-12,92401.34,0,0,4,0,0,0,0,1,0,0,11.433907581984435,29522.642040945808,10.111422017687872
2021-11-13,1619.68,0,1,5,0,0,0,0,0,1,0,7.390601093241168,29507.54402215516,10.111037583098746
2021-11-14,0.0,0,1,6,0,0,0,0,0,0,1,0.0,29492.82212875254,10.110668095633907
2021-11-15,205.08999999999997,1,0,0,1,0,0,0,0,0,0,5.328312966583417,29478.48494514371,10.11031336081167
2021-11-16,30883.005,0,0,1,0,1,0,0,0,0,0,10.33799369132482,29464.546321041526,10.109973339553573
2021-11-17,21181.579999999998,0,0,2,0,0,1,0,0,0,0,9.960934424767954,29451.02450560881,10.109648294794502
2021-11-18,61496.89,0,0,3,0,0,0,1,0,0,0,11.026758144262955,29437.938857491674,10.10933853901562
2021-11-19,63023.17,0,0,4,0,0,0,0,1,0,0,11.051273582592172,29425.30905089084,10.109044365266534
2021-11-20,53792.72,0,1,5,0,0,0,0,0,1,0,10.892912010712024,29413.150681914543,10.108765910503793
2021-11-21,1780.1,0,1,6,0,0,0,0,0,0,1,7.4849864299447395,29401.474134380016,10.108503118323117
2021-11-22,89444.41,0,0,0,1,0,0,0,0,0,0,11.40138377403727,29390.286757776303,10.108255860660792
2021-11-23,64549.45,0,0,1,0,1,0,0,0,0,0,11.075202367590535,29379.597266046163,10.108024242451405
2021-11-24,57644.805,0,0,2,0,0,1,0,0,0,0,10.962072756354004,29369.410196093344,10.107808242195038
2021-11-25,70043.39,0,0,3,0,0,0,1,0,0,0,11.15688446290502,29359.72450698628,10.107607631804347
2021-11-26,70690.35,0,0,4,0,0,0,0,1,0,0,11.166078496450464,29350.533888542184,10.10742199134547
2021-11-27,0.0,0,1,5,0,0,0,0,0,1,0,0.0,29341.826037606745,10.107250685875744
2021-11-28,0.0,0,1,6,0,0,0,0,0,0,1,0.0,29333.58408547921,10.107092888875009
2021-11-29,35202.76,0,0,0,1,0,0,0,0,0,0,10.468908174063351,29325.793516098624,10.106947715073717
2021-11-30,96554.03,0,0,1,0,1,0,0,0,0,0,11.477868383858521,29318.443013969634,10.10681424178293
2021-12-01,14786.619999999999,0,0,2,0,0,1,0,0,0,0,9.601545623215678,29311.520009171243,10.106691430136113
2021-12-02,30484.545000000002,0,0,3,0,0,0,1,0,0,0,10.325007915826857,29305.008199514956,10.106578048920529
2021-12-03,56414.97,0,0,4,0,0,0,0,1,0,0,10.940507553433417,29298.891460414186,10.10647285107875
2021-12-04,8400.28,0,1,5,0,0,0,0,0,1,0,9.036139354174988,29293.152632707748,10.106374516930002
2021-12-05,0.0,0,1,6,0,0,0,0,0,0,1,0.0,29287.771572412734,10.106281611287567
2021-12-06,89247.52,0,0,0,1,0,0,0,0,0,0,11.399180116871339,29282.729741688923,10.106192771720789
2021-12-07,25766.33,0,0,1,0,1,0,0,0,0,0,10.156862689431147,29278.010608042685,10.106106595091479
2021-12-08,77515.5,0,0,2,0,0,1,0,0,0,0,11.25824609590657,29273.594175521146,10.106021481739953
2021-12-09,18954.12,0,0,3,0,0,0,1,0,0,0,9.84982935871383,29269.45823296596,10.105935705379446
2021-12-10,45128.4,0,0,4,0,0,0,0,1,0,0,10.717289197806899,29265.576306328137,10.10584735478899
2021-12-11,495.04,0,1,5,0,0,0,0,0,1,0,6.206656568634572,29261.92069700598,10.105754439377796
2021-12-12,1787.6,0,1,6,0,0,0,0,0,0,1,7.48918846991208,29258.461880266783,10.105654914727536
2021-12-13,28320.61,0,0,0,1,0,0,0,0,0,0,10.251380396474225,29255.17238828789,10.105547037020411
2021-12-14,22360.225,0,0,1,0,1,0,0,0,0,0,10.015083711099322,29252.027318343728,10.105429371924629
2021-12-15,78334.29999999999,0,0,2,0,0,1,0,0,0,0,11.268753610526005,29249.00184077282,10.105300504831602
2021-12-16,18597.96,0,0,3,0,0,0,1,0,0,0,9.830860944159554,29246.0700423575,10.105158957168962
2021-12-17,32779.83,0,0,4,0,0,0,0,1,0,0,10.397599172294534,29243.201626845694,10.10500307951593
2021-12-18,264.16,0,1,5,0,0,0,0,0,1,0,5.580333417373191,29240.365174479484,10.104831163929585
2021-12-19,1221.4,0,1,6,0,0,0,0,0,0,1,7.108571418412256,29237.528542916843,10.104641493279749
2021-12-20,2362.96,0,0,0,1,0,0,0,0,0,0,7.768093457909063,29234.661828949258,10.104432661772307
2021-12-21,48194.19,0,0,1,0,1,0,0,0,0,0,10.783014502527966,29231.73829192759,10.104203684809184
2021-12-22,18138.879999999997,0,0,2,0,0,1,0,0,0,0,9.805868108432252,29228.733194862143,10.103953902102761
2021-12-23,96701.46,0,0,3,0,0,0,1,0,0,0,11.479394120621427,29225.619658445747,10.103682654684617
2021-12-24,0.0,0,0,4,0,0,0,0,1,0,0,0.0,29222.36953704016,10.103389270005255
2021-12-25,14.71,1,1,5,0,0,0,0,0,1,0,2.75429745226753,29218.95096319818,10.103072919913807
2021-12-26,0.0,0,1,6,0,0,0,0,0,0,1,0.0,29215.333592821375,10.102732735646113
2021-12-27,32568.24,0,0,0,1,0,0,0,0,0,0,10.391123563641258,29211.490477902407,10.102367869841501
2021-12-28,31655.92,0,0,1,0,1,0,0,0,0,0,10.362712045063983,29207.397452291676,10.101977466588517
2021-12-29,31620.629999999997,0,0,2,0,0,1,0,0,0,0,10.361596659086944,29203.029632380567,10.101560611276932
2021-12-30,29111.09,0,0,3,0,0,0,1,0,0,0,10.278908830795872,29198.36048871133,10.10111631689124
2021-12-31,781.9899999999999,0,0,4,0,0,0,0,1,0,0,6.663119924517166,29193.36178648568,10.100643519409802
2022-01-01,0.0,1,1,5,0,0,0,0,0,1,0,0.0,29188.004599707536,10.100141180169922
2022-01-02,1797.4,0,1,6,0,0,0,0,0,0,1,7.494652659699372,29182.262850393447,10.099608604087777
2022-01-03,1901.6399999999999,0,0,0,1,0,0,0,0,0,0,7.550997674413442,29176.114587313776,10.099045284535944
2022-01-04,18233.35,0,0,1,0,1,0,0,0,0,0,9.811062456871234,29169.5423517308,10.098451182020893
2022-01-05,28320.68,0,0,2,0,0,1,0,0,0,0,10.251382868082072,29162.533204958425,10.097826792221042
2022-01-06,23415.9,0,0,3,0,0,0,1,0,0,0,10.06121326289105,29155.076887017145,10.09717287603645
2022-01-07,17254.1,0,0,4,0,0,0,0,1,0,0,9.755863030936927,29147.16430032105,10.09649034161214
2022-01-08,112.32,0,1,5,0,0,0,0,0,1,0,4.730215674962316,29138.788326409078,10.095780290565987
2022-01-09,30.16,0,1,6,0,0,0,0,0,0,1,3.4391352210025476,29129.945917645924,10.095044173855829
2022-01-10,45732.69,0,0,0,1,0,0,0,0,0,0,10.730590504409221,29120.641382426806,10.094284071695961
2022-01-11,45957.11,0,0,1,0,1,0,0,0,0,0,10.735485608401726,29110.886447887413,10.093502589530765
2022-01-12,43097.28,0,0,2,0,0,1,0,0,0,0,10.67123836810295,29100.694142855864,10.09270262824506
2022-01-13,38744.18,0,0,3,0,0,0,1,0,0,0,10.564761639948003,29090.077399804868,10.091887369461379
2022-01-14,23649.18,0,0,4,0,0,0,0,1,0,0,10.071126004884773,29079.050073828566,10.091060346437574
2022-01-15,0.0,0,1,5,0,0,0,0,0,1,0,0.0,29067.62930619047,10.090225567606891
2022-01-16,0.0,0,1,6,0,0,0,0,0,0,1,0.0,29055.841141907193,10.089387732344202
2022-01-17,26468.47,0,0,0,1,0,0,0,0,0,0,10.18374727235352,29043.728174580017,10.088552402727174
2022-01-18,87232.18000000001,0,0,1,0,1,0,0,0,0,0,11.376340042110716,29031.353760605165,10.087726185437104
2022-01-19,57463.08,0,0,2,0,0,1,0,0,0,0,10.958915335929639,29018.80043666967,10.086916868718587
2022-01-20,84001.93,0,0,3,0,0,0,1,0,0,0,11.338606958169505,29006.16657836449,10.08613341223234
2022-01-21,65399.44,0,0,4,0,0,0,0,1,0,0,11.088284265251405,28993.571091049733,10.085386205726635
2022-01-22,0.0,0,1,5,0,0,0,0,0,1,0,0.0,28981.159190530325,10.084687317277764
2022-01-23,0.0,0,1,6,0,0,0,0,0,0,1,0.0,28969.114872781047,10.084050920920259
2022-01-24,57588.78,0,0,0,1,0,0,0,0,0,0,10.961100400385764,28957.687218819276,10.083493949625444
2022-01-25,79459.41,0,0,1,0,1,0,0,0,0,0,11.283014189184122,28947.2062345608,10.083036463385804
2022-01-26,57525.93,0,0,2,0,0,1,0,0,0,0,10.960008464970917,28938.08339558121,10.082701567176661
2022-01-27,13140.7,0,0,3,0,0,0,1,0,0,0,9.483545659621548,28930.816945062612,10.08251512632017
2022-01-28,94591.51999999999,0,0,4,0,0,0,0,1,0,0,11.457333682146349,28925.99991819856,10.082505258777882
2022-01-29,88688.88,0,1,5,0,0,0,0,0,1,0,11.392901069342184,28924.320525312483,10.082701180252705
2022-01-30,0.0,0,1,6,0,0,0,0,0,0,1,0.0,28926.517361744565,10.083129829592561
2022-01-31,47868.37,0,0,0,1,0,0,0,0,0,0,10.776231121656544,28973.196034285585,10.084305469912595
2022-02-01,44932.310000000005,0,0,1,0,1,0,0,0,0,0,10.712934669504266,29022.519232681832,10.085584353120534
2022-02-02,45805.215,0,0,2,0,0,1,0,0,0,0,10.732175059585998,29074.375355003966,10.086963632321943
2022-02-03,53533.1,0,0,3,0,0,0,1,0,0,0,10.888074113019282,29128.674449659673,10.088440646787591
2022-02-04,42254.1,0,0,4,0,0,0,0,1,0,0,10.651480335559619,29185.398717791762,10.090015091385718
2022-02-05,45805.215,0,1,5,0,0,0,0,0,1,0,10.732175059585998,29244.613693779727,10.091689577352883
2022-02-06,0.0,0,1,6,0,0,0,0,0,0,1,0.0,29306.39489436982,10.093467764690063
2022-02-07,2564.76,1,0,0,1,0,0,0,0,0,0,7.8500100100140875,29370.795738720604,10.095352881038528
2022-02-08,28083.25,0,0,1,0,1,0,0,0,0,0,10.24296419996335,29437.785204420154,10.097344083509396
2022-02-09,46678.119999999995,0,0,2,0,0,1,0,0,0,0,10.751052234466155,29507.279819870542,10.099440483279691
2022-02-10,40916.729999999996,0,0,3,0,0,0,1,0,0,0,10.619318744431022,29579.23841000245,10.101643180677101
2022-02-11,73206.72,0,0,4,0,0,0,0,1,0,0,11.20105615886929,29653.68666235263,10.103955833935382
2022-02-12,1367.36,0,1,5,0,0,0,0,0,1,0,7.221368221457268,29730.726789996377,10.106384638102966
2022-02-13,45.44,0,1,6,0,0,0,0,0,0,1,3.8381611568296905,29810.448115857576,10.108932328183805
2022-02-14,39579.36,0,0,0,1,0,0,0,0,0,0,10.586088314617973,29892.89666902745,10.111599832185911
2022-02-15,33831.305,0,0,1,0,1,0,0,0,0,0,10.429171394245289,29978.023762844274,10.114382607595955
2022-02-16,30075.85,0,0,2,0,0,1,0,0,0,0,10.311511051835495,30065.662863728267,10.11727258890683
2022-02-17,9913.72,0,0,3,0,0,0,1,0,0,0,9.201775800514795,30155.593756370417,10.120259743261126
2022-02-18,10274.210000000001,0,0,4,0,0,0,0,1,0,0,9.237489477111788,30247.628569459215,10.123334651694378
2022-02-19,0.0,0,1,5,0,0,0,0,0,1,0,0.0,30341.63093651571,10.126489582580021
2022-02-20,17931.12,0,1,6,0,0,0,0,0,0,1,9.794348797200296,30437.48760696314,10.12971677663972
2022-02-21,76769.08,0,0,0,1,0,0,0,0,0,0,11.248570259895128,30534.999004920068,10.133001700119491
2022-02-22,20518.300000000003,0,0,1,0,1,0,0,0,0,0,9.929121185642414,30633.89867656338,10.136324624234684
2022-02-23,20572.34,0,0,2,0,0,1,0,0,0,0,9.931751341853005,30733.885681132888,10.139662761113122
2022-02-24,19197.690000000002,0,0,3,0,0,0,1,0,0,0,9.862597326521492,30834.719656361238,10.142995099036522
2022-02-25,23194.29,0,0,4,0,0,0,0,1,0,0,10.051704519802232,30936.250187570127,10.146303833904476
2022-02-26,3856.6,0,1,5,0,0,0,0,0,1,0,8.257800507426907,31038.36521306784,10.14957322423488
2022-02-27,0.0,0,1,6,0,0,0,0,0,0,1,0.0,31140.950855212715,10.152789322518256
2022-02-28,51553.47,0,0,0,1,0,0,0,0,0,0,10.850394197616009,31243.83441461256,10.15593843428741
2022-03-01,20464.260000000002,0,0,1,0,1,0,0,0,0,0,9.92648409346344,31346.785620933602,10.15900470491164
2022-03-02,20518.300000000003,0,0,2,0,0,1,0,0,0,0,9.929121185642414,31449.545500350276,10.161974141466247
2022-03-03,15319.4,0,0,3,0,0,0,1,0,0,0,9.636940552614305,31551.836566280275,10.164833797928317
2022-03-04,92166.52,0,0,4,0,0,0,0,1,0,0,11.431363069823067,31653.39890309502,10.167572886651149
2022-03-05,1655.55,0,1,5,0,0,0,0,0,1,0,7.41249240540757,31754.04815936564,10.170184203953681
2022-03-06,0.0,0,1,6,0,0,0,0,0,0,1,0.0,31853.59530892436,10.172660933617076
2022-03-07,20037.89,0,0,0,1,0,0,0,0,0,0,9.905430164443205,31951.828515265253,10.174998609046257
2022-03-08,20251.075,0,0,1,0,1,0,0,0,0,0,9.916012536420885,32048.55489385425,10.177195368006105
2022-03-09,50068.93,0,0,2,0,0,1,0,0,0,0,10.821175907280272,32143.56487112017,10.179248975684748
2022-03-10,10002.67,0,0,3,0,0,0,1,0,0,0,9.210707304648155,32236.690370844768,10.181160380938794
2022-03-11,51462.34,0,0,4,0,0,0,0,1,0,0,10.848624988509924,32327.78973110542,10.18293354698348
2022-03-12,174.72,0,1,5,0,0,0,0,0,1,0,5.1688918191075786,32416.787438634365,10.184576114086497
2022-03-13,0.0,0,1,6,0,0,0,0,0,0,1,0.0,32503.64315549359,10.186094648069844
2022-03-14,35053.41,0,0,0,1,0,0,0,0,0,0,10.464656704804808,32588.281607767018,10.187491929426663
2022-03-15,52855.75,0,0,1,0,1,0,0,0,0,0,10.87534070310504,32670.59246969988,10.188767053651372
2022-03-16,32277.934999999998,0,0,2,0,0,1,0,0,0,0,10.382170129274563,32750.449945528675,10.189917362007037
2022-03-17,55908.64,0,0,3,0,0,0,1,0,0,0,10.93149209508027,32827.80416837765,10.190944193897154
2022-03-18,54382.195,0,0,4,0,0,0,0,1,0,0,10.903810469678653,32902.65888019789,10.191852528442878
2022-03-19,1237.6000000000001,0,1,5,0,0,0,0,0,1,0,7.121736988503961,32975.06267154933,10.19265019486489
2022-03-20,13544.93,0,1,6,0,0,0,0,0,0,1,9.513841412184352,33045.080473000075,10.193343809291317
2022-03-21,3510.9900000000002,1,0,0,1,0,0,0,0,0,0,8.163938107370544,33112.80762956754,10.19393841836186
2022-03-22,58328.119999999995,0,0,1,0,1,0,0,0,0,0,10.973856733057504,33178.29855486256,10.194436104607574
2022-03-23,14486.939999999999,0,0,2,0,0,1,0,0,0,0,9.581071858196308,33241.62882153539,10.194837665096347
2022-03-24,58328.119999999995,0,0,3,0,0,0,1,0,0,0,10.973856733057504,33302.97297124722,10.195146962339713
2022-03-25,73409.935,0,0,4,0,0,0,0,1,0,0,11.203828181708092,33362.64527636971,10.195373874041067
2022-03-26,60747.6,0,1,5,0,0,0,0,0,1,0,11.01449931566976,33420.973418827474,10.195531107786202
2022-03-27,10624.02,0,1,6,0,0,0,0,0,0,1,9.270966876143786,33478.27111732908,10.19563310221999
2022-03-28,73409.935,0,0,0,1,0,0,0,0,0,0,11.203828181708092,33534.83095831483,10.195695429241994
2022-03-29,95566.705,0,0,1,0,1,0,0,0,0,0,11.467590228160024,33590.907661188554,10.195731980460367
2022-03-30,86072.27,0,0,2,0,0,1,0,0,0,0,11.362954189253653,33646.721990152444,10.195755167407771
2022-03-31,49606.52,0,0,3,0,0,0,1,0,0,0,10.81189771412417,33702.5180744713,10.195779852987787
2022-04-01,73409.935,0,0,4,0,0,0,0,1,0,0,11.203828181708092,33758.53658290877,10.195822315745362
2022-04-02,17485.0,0,1,5,0,0,0,0,0,1,0,9.769155839740836,33814.983804473035,10.19589670356715
2022-04-03,45.44,0,1,6,0,0,0,0,0,0,1,3.8381611568296905,33872.06946790598,10.196018089706332
2022-04-04,55273.92999999999,0,0,0,1,0,0,0,0,0,0,10.920074739329548,33929.953718971155,10.196197558768285
2022-04-05,55273.92999999999,0,0,1,0,1,0,0,0,0,0,10.920074739329548,33988.708476091444,10.196438284320912
2022-04-06,55273.92999999999,0,0,2,0,0,1,0,0,0,0,10.920074739329548,34048.336924069634,10.196740231105847
2022-04-07,8380.630000000001,0,0,3,0,0,0,1,0,0,0,9.033797685301224,34108.83216542506,10.19710399136423
2022-04-08,36482.56,0,0,4,0,0,0,0,1,0,0,10.504617027146194,34170.23133422324,10.19753241467773
2022-04-09,60941.34,0,1,5,0,0,0,0,0,1,0,11.01768345022718,34232.55662712176,10.198028303610993
2022-04-10,0.0,0,1,6,0,0,0,0,0,0,1,0.0,34295.74937190062,10.198590401143333
2022-04-11,2435.04,0,0,0,1,0,0,0,0,0,0,7.7981290490562225,34359.65958897175,10.199213836523464
2022-04-12,37560.945,0,0,1,0,1,0,0,0,0,0,10.533746715794031,34424.11257002944,10.19989288918126
2022-04-13,37560.945,0,0,2,0,0,1,0,0,0,0,10.533746715794031,34488.941125769066,10.200623769870795
2022-04-14,38639.33,0,0,3,0,0,0,1,0,0,0,10.562051828662657,34554.056471739466,10.201404983016582
2022-04-15,175.76,0,0,4,0,0,0,0,1,0,0,5.174792880262539,34619.41914829962,10.202236073962732
2022-04-16,920.4,0,1,5,0,0,0,0,0,1,0,6.825894252501817,34685.0250491886,10.203117282247288
2022-04-17,85.29,0,1,6,0,0,0,0,0,0,1,4.4577137165202165,34750.82876355442,10.204048631350062
2022-04-18,64106.44,0,0,0,1,0,0,0,0,0,0,11.068315704816063,34816.70247701034,10.205028439727215
2022-04-19,35690.020000000004,0,0,1,0,1,0,0,0,0,0,10.482654395509837,34882.42517484548,10.206049598392266
2022-04-20,29878.114999999998,0,0,2,0,0,1,0,0,0,0,10.304915020334223,34947.74354673492,10.207101362778856
2022-04-21,32740.71,0,0,3,0,0,0,1,0,0,0,10.396405079249657,35012.468933413445,10.208174448557518
2022-04-22,70708.63,0,0,4,0,0,0,0,1,0,0,11.166337051944234,35076.461790608606,10.209261428171162
2022-04-23,6085.96,0,1,5,0,0,0,0,0,1,0,8.7139040570907,35139.60018643296,10.210355777863558
2022-04-24,0.0,0,1,6,0,0,0,0,0,0,1,0.0,35201.69678468489,10.21145034000134
2022-04-25,32250.254999999997,0,0,0,1,0,0,0,0,0,0,10.381312236195443,35262.49821033245,10.212536940466274
2022-04-26,27015.52,0,0,1,0,1,0,0,0,0,0,10.20420380973329,35321.71644869895,10.213604520936942
2022-04-27,9523.59,0,0,2,0,0,1,0,0,0,0,9.161632154449032,35379.06292081845,10.21464309525725
2022-04-28,80563.61,0,0,3,0,0,0,1,0,0,0,11.296814750184186,35434.29620819868,10.21564457729377
2022-04-29,31759.8,0,0,4,0,0,0,0,1,0,0,10.365988103960714,35487.19244313836,10.216601199789531
2022-04-30,0.0,0,1,5,0,0,0,0,0,1,0,0.0,35537.55389193404,10.217506317212544
2022-05-01,8927.039999999999,1,1,6,0,0,0,0,0,0,1,9.096952164897793,35585.2690791696,10.218356281713527
2022-05-02,45104.09,0,0,0,1,0,0,0,0,0,0,10.716750379432945,35630.22743407707,10.219148831094364
2022-05-03,45104.09,0,0,1,0,1,0,0,0,0,0,10.716750379432945,35672.28737958328,10.219882921807494
2022-05-04,93395.84,0,0,2,0,0,1,0,0,0,0,11.44461279066814,35711.29167192277,10.220558521705039
2022-05-05,58448.38,0,0,3,0,0,0,1,0,0,0,10.975916359487242,35747.14308382594,10.221177451877306
2022-05-06,89274.67,0,0,4,0,0,0,0,1,0,0,11.399484277335075,35779.80481340922,10.221743235276154
2022-05-07,137.28,0,1,5,0,0,0,0,0,1,0,4.929280615053424,35809.30901038693,10.222261409440884
2022-05-08,0.0,0,1,6,0,0,0,0,0,0,1,0.0,35835.724293302526,10.222739210351028
2022-05-09,91335.255,0,0,0,1,0,0,0,0,0,0,11.422303085241554,35859.137133048134,10.223185792658482
2022-05-10,91335.255,0,0,1,0,1,0,0,0,0,0,11.422303085241554,35879.577922202545,10.223606888064463
2022-05-11,91335.255,0,0,2,0,0,1,0,0,0,0,11.422303085241554,35897.01380391556,10.224006816391721
2022-05-12,75408.29000000001,0,0,3,0,0,0,1,0,0,0,11.230685755955447,35911.430704228536,10.22439081561401
2022-05-13,75408.29000000001,0,0,4,0,0,0,0,1,0,0,11.230685755955447,35922.85263702571,10.22476545314284
2022-05-14,43137.12,0,1,5,0,0,0,0,0,1,0,10.672162339948583,35931.37567787595,10.225138907320387
2022-05-15,0.0,0,1,6,0,0,0,0,0,0,1,0.0,35937.12367195478,10.225517312733789
2022-05-16,47685.549999999996,0,0,0,1,0,0,0,0,0,0,10.77240466646534,35940.21154394316,10.225904627417167
2022-05-17,62307.895000000004,0,0,1,0,1,0,0,0,0,0,11.03985947146993,35940.7407401386,10.226302722206245
2022-05-18,54613.729999999996,0,0,2,0,0,1,0,0,0,0,10.908058905568637,35938.790889099735,10.22671334417845
2022-05-19,61541.91,0,0,3,0,0,0,1,0,0,0,11.027489934075913,35934.459834120666,10.227138740966282
2022-05-20,28738.129999999997,0,0,4,0,0,0,0,1,0,0,10.26601488777608,35927.88839158609,10.22758106945363
2022-05-21,367.54,0,1,5,0,0,0,0,0,1,0,5.9095492539067145,35919.239664319866,10.228042185607114
2022-05-22,210.72,0,1,6,0,0,0,0,0,0,1,5.355264646989787,35908.65771508399,10.228524364742304
2022-05-23,54613.729999999996,0,0,0,1,0,0,0,0,0,0,10.908058905568637,35896.29846235958,10.229030255502577
2022-05-24,63073.88,0,0,1,0,1,0,0,0,0,0,11.052077871010422,35882.359440571985,10.229561676345972
2022-05-25,20494.06,0,0,2,0,0,1,0,0,0,0,9.927939160477456,35867.0798920106,10.230121276740991
2022-05-26,90233.3,0,0,3,0,0,0,1,0,0,0,11.410164899843283,35850.68939829213,10.23071168119736
2022-05-27,36233.815,0,0,4,0,0,0,0,1,0,0,10.497775675969427,35833.39324020589,10.231334972106643
2022-05-28,1085.8,0,1,5,0,0,0,0,0,1,0,6.990992877552193,35815.38962857307,10.231992859430456
2022-05-29,0.0,0,1,6,0,0,0,0,0,0,1,0.0,35796.882842880186,10.232685880676605
2022-05-30,36233.815,0,0,0,1,0,0,0,0,0,0,10.497775675969427,35778.05653691165,10.233415450732076
2022-05-31,32088.45,0,0,1,0,1,0,0,0,0,0,10.376282594661292,35759.084355889834,10.234181907310608
2022-06-01,56624.89,0,0,2,0,0,1,0,0,0,0,10.944221580101111,35740.08732270015,10.234981355212962
2022-06-02,49008.88,0,0,3,0,0,0,1,0,0,0,10.799777189420693,35721.166581831014,10.235809458930037
2022-06-03,40379.18,0,0,4,0,0,0,0,1,0,0,10.606094349509195,35702.43178240514,10.236662923921406
2022-06-04,22361.08,0,1,5,0,0,0,0,0,1,0,10.015121946198455,35684.07482355504,10.237541126364718
2022-06-05,209.08,0,1,6,0,0,0,0,0,0,1,5.347488410554486,35666.245534346985,10.238440095369276
2022-06-06,23120.4,0,0,0,1,0,0,0,0,0,0,10.048513874586234,35649.060701525144,10.239355622975534
2022-06-07,34638.33,0,0,1,0,1,0,0,0,0,0,10.452745020687932,35632.56606963981,10.240280039632255
2022-06-08,37490.08,0,0,2,0,0,1,0,0,0,0,10.531858316997074,35616.74808518387,10.241202081419399
2022-06-09,94552.9,0,0,3,0,0,0,1,0,0,0,11.45692532125285,35601.617389410916,10.24211212011723
2022-06-10,20334.75,0,0,4,0,0,0,0,1,0,0,9.92013569988396,35587.138572259435,10.242999707573304
2022-06-11,463.6,0,1,5,0,0,0,0,0,1,0,6.141176820336309,35573.27012553684,10.243855208778776
2022-06-12,2183.92,0,1,6,0,0,0,0,0,0,1,7.689334493587097,35559.970152050555,10.24466901160922
2022-06-13,37188.21,0,0,0,1,0,0,0,0,0,0,10.523773944424068,35547.18550258143,10.245433515030287
2022-06-14,38776.770000000004,0,0,1,0,1,0,0,0,0,0,10.565602423275259,35534.811206456594,10.246140024569158
2022-06-15,40063.46,0,0,2,0,0,1,0,0,0,0,10.59824493602325,35522.70352481226,10.246781352617065
2022-06-16,40619.619999999995,0,0,3,0,0,0,1,0,0,0,10.612031098434926,35510.698500485196,10.247351997917837
2022-06-17,71996.83,0,0,4,0,0,0,0,1,0,0,11.184391258655118,35498.664602827586,10.247849310757335
2022-06-18,0.0,0,1,5,0,0,0,0,0,1,0,0.0,35486.479835622325,10.248271626243437
2022-06-19,964.88,0,1,6,0,0,0,0,0,0,1,6.873039602893643,35473.98939819057,10.248614903656675
2022-06-20,84041.7,0,0,0,1,0,0,0,0,0,0,11.339080282001163,35460.97126994356,10.248872998017513
2022-06-21,87205.25,0,0,1,0,1,0,0,0,0,0,11.376031281640516,35447.101374306345,10.249037101901347
2022-06-22,41175.78,0,0,2,0,0,1,0,0,0,0,10.625629784226808,35431.99253900393,10.249096236253601
2022-06-23,53609.53,0,0,3,0,0,0,1,0,0,0,10.889500782987973,35415.18047423221,10.249036680121208
2022-06-24,53137.71,0,0,4,0,0,0,0,1,0,0,10.880660943520468,35396.1922504373,10.248843899926324
2022-06-25,209.08,0,1,5,0,0,0,0,0,1,0,5.347488410554486,35374.606572546894,10.248505239839039
2022-06-26,209.08,0,1,6,0,0,0,0,0,0,1,5.347488410554486,35350.00737985914,10.24800728488494
2022-06-27,47156.744999999995,0,0,0,1,0,0,0,0,0,0,10.761253537562371,35321.92899188356,10.247333161626456
2022-06-28,28717.55,0,0,1,0,1,0,0,0,0,0,10.265298534422444,35289.928598640145,10.246468977505303
2022-06-29,24452.41,0,0,2,0,0,1,0,0,0,0,10.104524953480878,35253.61176286071,10.245405255444858
2022-06-30,92301.37,0,0,3,0,0,0,1,0,0,0,11.432825097301054,35212.646971502916,10.244136205642823
2022-07-01,27334.695,0,0,4,0,0,0,0,1,0,0,10.215948636284828,35166.772708993194,10.24265771184129
2022-07-02,1165.12,0,1,5,0,0,0,0,0,1,0,7.0614372775669265,35115.834296544446,10.240968823799957
2022-07-03,12085.56,0,1,6,0,0,0,0,0,0,1,9.399849370450108,35059.69934157323,10.239068749161435
2022-07-04,27334.695,0,0,0,1,0,0,0,0,0,0,10.215948636284828,34998.280247945615,10.23695925805875
2022-07-05,94057.79,0,0,1,0,1,0,0,0,0,0,11.451675291287016,34931.53694619076,10.234645939814571
2022-07-06,33655.62,0,0,2,0,0,1,0,0,0,0,10.423965046778836,34859.49849475432,10.232138382986966
2022-07-07,25951.84,0,0,3,0,0,0,1,0,0,0,10.164036323838921,34782.31782717949,10.22945028612255
2022-07-08,23101.84,0,0,4,0,0,0,0,1,0,0,10.047710832675868,34700.20423682498,10.226596480459568
2022-07-09,15487.080000000002,0,1,5,0,0,0,0,0,1,0,9.647825974792275,34613.44797051957,10.223594565313618
2022-07-10,0.0,0,1,6,0,0,0,0,0,0,1,0.0,34522.43954773475,10.220465959113238
2022-07-11,76979.42,0,0,0,1,0,0,0,0,0,0,11.25130638278544,34427.61014832427,10.217234207188824
2022-07-12,41359.4,0,0,1,0,1,0,0,0,0,0,10.630079180315429,34329.34299062953,10.213918052036378
2022-07-13,92485.5,0,0,2,0,0,1,0,0,0,0,11.434817966903426,34228.0000064724,10.210533860610788
2022-07-14,42498.66,0,0,3,0,0,0,1,0,0,0,10.657251354880508,34124.00700276048,10.207100902284656
2022-07-15,36959.76,0,0,4,0,0,0,0,1,0,0,10.517612088314772,34017.79251826991,10.203638983928965
2022-07-16,312.04,0,1,5,0,0,0,0,0,1,0,5.746330977902157,33909.71596487919,10.200163298471407
2022-07-17,290.52,0,1,6,0,0,0,0,0,0,1,5.675108614071593,33800.07596672426,10.196684206694044
2022-07-18,68585.33,0,0,0,1,0,0,0,0,0,0,11.135848522719819,33689.14729400154,10.193210925172277
2022-07-19,32560.12,0,0,1,0,1,0,0,0,0,0,10.390874217559276,33577.207924021524,10.189754383718151
2022-07-20,30969.96,0,0,2,0,0,1,0,0,0,0,10.340805270226577,33464.49948307453,10.186325586522768
2022-07-21,37529.39,0,0,3,0,0,0,1,0,0,0,10.532906283761724,33351.24857320274,10.18293475455596
2022-07-22,41087.674999999996,0,0,4,0,0,0,0,1,0,0,10.623487815068898,33237.735587454525,10.17959355769959
2022-07-23,368.96000000000004,0,1,5,0,0,0,0,0,1,0,5.9133948916860595,33124.322848760654,10.176315463574849
2022-07-24,0.0,0,1,6,0,0,0,0,0,0,1,0.0,33011.368401420084,10.173112627636469
2022-07-25,41087.674999999996,0,0,0,1,0,0,0,0,0,0,10.623487815068898,32899.20896551826,10.169997428012612
2022-07-26,55478.99,0,0,1,0,1,0,0,0,0,0,10.923777694183618,32788.12035423471,10.166978315529096
2022-07-27,21257.42,0,0,2,0,0,1,0,0,0,0,9.964508331166206,32678.28954927079,10.164057300551658
2022-07-28,63088.56,0,0,3,0,0,0,1,0,0,0,11.052310583176643,32569.843236066245,10.161233252767525
2022-07-29,49615.229999999996,0,0,4,0,0,0,0,1,0,0,10.812073276930905,32462.972115372722,10.158507121257024
2022-07-30,0.0,0,1,5,0,0,0,0,0,1,0,0.0,32357.86405840774,10.155880810004554
2022-07-31,0.0,0,1,6,0,0,0,0,0,0,1,0.0,32254.647198342518,10.153356200928256
2022-08-01,55943.03,0,0,0,1,0,0,0,0,0,0,10.932107005634094,32153.404430668757,10.150933602634238
2022-08-02,35486.520000000004,0,0,1,0,1,0,0,0,0,0,10.476936364359792,32054.157444688215,10.148611176729068
2022-08-03,60058.03999999999,0,0,2,0,0,1,0,0,0,0,11.003083357393592,31956.861622348635,10.146386221432385
2022-08-04,29717.84,0,0,3,0,0,0,1,0,0,0,10.299536467114383,31861.48800801097,10.144257271092215
2022-08-05,95677.66,0,0,4,0,0,0,0,1,0,0,11.468750564069666,31767.991998098358,10.142223163046962
2022-08-06,22709.44,0,1,5,0,0,0,0,0,1,0,10.030580009636708,31676.37039974865,10.140283889324449
2022-08-07,0.0,0,1,6,0,0,0,0,0,0,1,0.0,31586.588248313292,10.13843784428807
2022-08-08,38454.68,0,0,0,1,0,0,0,0,0,0,10.557261688340922,31498.556171117554,10.136682525001774
2022-08-09,32518.36,0,0,1,0,1,0,0,0,0,0,10.389590883271287,31412.155627458473,10.13501243093613
2022-08-10,35809.68,0,0,2,0,0,1,0,0,0,0,10.486001451921375,31327.262989953,10.13341994265737
2022-08-11,96636.9,0,0,3,0,0,0,1,0,0,0,11.478726282800089,31243.833420848183,10.131900427428915
2022-08-12,50063.4,0,0,4,0,0,0,0,1,0,0,10.821065455649835,31161.908812600923,10.130452157485188
2022-08-13,6579.04,0,1,5,0,0,0,0,0,1,0,8.791796103328242,31081.610280810004,10.129075795973586
2022-08-14,0.0,0,1,6,0,0,0,0,0,0,1,0.0,31003.094068140555,10.127773912272817
2022-08-15,33164.68,0,0,0,1,0,0,0,0,0,0,10.409270885292353,30926.492605186533,10.12655008784432
2022-08-16,79808.08,0,0,1,0,1,0,0,0,0,0,11.287392561426092,30851.893201918603,10.125404775372665
2022-08-17,90402.12,0,0,2,0,0,1,0,0,0,0,11.412034059059035,30779.369360883513,10.124336567937045
2022-08-18,37837.72,0,0,3,0,0,0,1,0,0,0,10.541088195955203,30709.028666355753,10.123345713080562
2022-08-19,47359.08,0,0,4,0,0,0,0,1,0,0,10.76553495874565,30641.02447834394,10.122434824666069
2022-08-20,227.2,0,1,5,0,0,0,0,0,1,0,5.430222437427975,30575.504412189224,10.121606998735723
2022-08-21,74163.85,0,1,6,0,0,0,0,0,0,1,11.214045597238307,30512.542169489585,10.120861421069067
2022-08-22,35115.97,0,0,0,1,0,0,0,0,0,0,10.466439768400674,30452.174287247693,10.120194277489556
2022-08-23,23404.27,0,0,1,0,1,0,0,0,0,0,10.060716489664214,30394.390859180407,10.119597053851486
2022-08-24,38357.87,0,0,2,0,0,1,0,0,0,0,10.554741070794977,30339.148918589555,10.119059692850714
2022-08-25,77813.09,0,0,3,0,0,0,1,0,0,0,11.262077799167338,30286.370225212093,10.118569720950516
2022-08-26,39306.44,0,0,4,0,0,0,0,1,0,0,10.579169092917011,30236.05487907234,10.11811770825052
2022-08-27,12443.24,0,1,5,0,0,0,0,0,1,0,9.429013144234633,30188.21082347462,10.117695277046003
2022-08-28,831.4,0,1,6,0,0,0,0,0,0,1,6.724313094519479,30142.801567048955,10.117291809697466
2022-08-29,36736.92,0,0,0,1,0,0,0,0,0,0,10.511564743121843,30099.773786953247,10.116897786324063
2022-08-30,40255.009999999995,0,0,1,0,1,0,0,0,0,0,10.603014588470256,30059.02648277753,10.116501764758274
2022-08-31,73971.03,0,0,2,0,0,1,0,0,0,0,11.211442327763544,30020.413138513286,10.116092408292234
2022-09-01,13137.279999999999,0,0,3,0,0,0,1,0,0,0,9.483285385449399,29983.831440269583,10.115661428409068
2022-09-02,59732.24,0,0,4,0,0,0,0,1,0,0,10.997643928353638,29949.214601026048,10.115203270293128
2022-09-03,2411.26,0,1,5,0,0,0,0,0,1,0,7.7883193463992075,29916.51625544637,10.114714748878857
2022-09-04,391.04,0,1,6,0,0,0,0,0,0,1,5.9713638754009795,29885.64229023384,10.114191942815395
2022-09-05,48397.44,0,0,0,1,0,0,0,0,0,0,10.787222860780322,29856.429066378056,10.113627895240633
2022-09-06,13614.59,0,0,1,0,1,0,0,0,0,0,9.518970738726418,29828.647384362757,10.113011434425019
2022-09-07,24679.395000000004,0,0,2,0,0,1,0,0,0,0,10.113764482753485,29802.024444203595,10.112328356022713
2022-09-08,56539.87,0,0,3,0,0,0,1,0,0,0,10.942719018465597,29776.32003306284,10.111567564641184
2022-09-09,76250.99,0,0,4,0,0,0,0,1,0,0,11.241798792489758,29751.401294109633,10.110724148854446
2022-09-10,383.0,0,1,5,0,0,0,0,0,1,0,5.950642552587727,29727.121730782488,10.10979464038835
2022-09-11,0.0,0,1,6,0,0,0,0,0,0,1,0.0,29703.2655229065,10.108772708349731
2022-09-12,20263.645,0,0,0,1,0,0,0,0,0,0,9.916633021020985,29679.570056681,10.10764922814542
2022-09-13,35744.200000000004,0,0,1,0,1,0,0,0,0,0,10.484171273373438,29655.736472072884,10.106410781825762
2022-09-14,13030.66,0,0,2,0,0,1,0,0,0,0,9.475137060316003,29631.446463877845,10.105041791374555
2022-09-15,51595.62,0,0,3,0,0,0,1,0,0,0,10.851211445448213,29606.421847727946,10.103530122204155
2022-09-16,24289.71,1,0,4,0,0,0,0,1,0,0,10.097849251704885,29580.452331494867,10.10186857929486
2022-09-17,0.0,0,1,5,0,0,0,0,0,1,0,0.0,29553.378967347406,10.10005404238976
2022-09-18,54.28,0,1,6,0,0,0,0,0,0,1,4.012411179459415,29525.052079678757,10.098086564244053
2022-09-19,16237.58,0,0,0,1,0,0,0,0,0,0,9.695145171469061,29495.317104796628,10.095965693550564
2022-09-20,7800.0,0,0,1,0,1,0,0,0,0,0,8.962007209588313,29464.039505420737,10.093693276401552
2022-09-21,34131.09,0,0,2,0,0,1,0,0,0,0,10.43799327647475,29431.127417236254,10.09127442295215
2022-09-22,8928.52,0,0,3,0,0,0,1,0,0,0,9.097117921026111,29396.564889845078,10.088718643945278
2022-09-23,598.0,0,0,4,0,0,0,0,1,0,0,6.395261598115449,29360.438805831738,10.086040365570069
2022-09-24,0.0,0,1,5,0,0,0,0,0,1,0,0.0,29322.956167487726,10.083259199572455
2022-09-25,0.0,0,1,6,0,0,0,0,0,0,1,0.0,29284.36710588103,10.080395414163513
2022-09-26,0.0,0,0,0,1,0,0,0,0,0,0,0.0,29244.913477196325,10.07746704732854
2022-09-27,6671.4800000000005,0,0,1,0,1,0,0,0,0,0,8.805746883896893,29204.807282469115,10.07449150499333
2022-09-28,43646.81,0,0,2,0,0,1,0,0,0,0,10.683908388187794,29164.20744981853,10.071484741432352
2022-09-29,7800.0,0,0,3,0,0,0,1,0,0,0,8.962007209588313,29123.24162868004,10.068459724701437
2022-09-30,62738.88,0,0,4,0,0,0,0,1,0,0,11.046752569087436,29082.11801238712,10.065432420982454
2022-10-01,5.2,0,1,5,0,0,0,0,0,1,0,1.824549292051046,29041.10209870437,10.062421096092848
2022-10-02,0.0,0,1,6,0,0,0,0,0,0,1,0.0,29000.40944085432,10.059439877751853
2022-10-03,73026.37,0,0,0,1,0,0,0,0,0,0,11.198589581368124,28960.223161306836,10.056500572533976
2022-10-04,40666.0,0,0,1,0,1,0,0,0,0,0,10.613172231735003,28920.677351972976,10.053613988312923
2022-10-05,45712.34,0,0,2,0,0,1,0,0,0,0,10.730145438006607,28881.88855364922,10.050791186566656
2022-10-06,32118.135000000002,0,0,3,0,0,0,1,0,0,0,10.377207237436552,28843.96106992399,10.04804223021429
2022-10-07,68445.56999999999,0,0,4,0,0,0,0,1,0,0,11.13380871989204,28807.039262685685,10.045378291093103
2022-10-08,6869.44,0,1,5,0,0,0,0,0,1,0,8.834983429744831,28771.30524793349,10.042811752799702
2022-10-09,93.6,0,1,6,0,0,0,0,0,0,1,4.549657476057832,28736.94551405455,10.040355552386671
2022-10-10,87192.94,0,0,0,1,0,0,0,0,0,0,11.375890112069309,28704.134989269867,10.038023774183474
2022-10-11,21849.59,0,0,1,0,1,0,0,0,0,0,9.99198320244751,28673.03241608482,10.03583075135028
2022-10-12,11027.12,0,0,2,0,0,1,0,0,0,0,9.308203653477303,28643.773995799704,10.033787691895752
2022-10-13,23570.27,0,0,3,0,0,0,1,0,0,0,10.067783876532049,28616.59569563808,10.031909315277467
2022-10-14,37798.13,0,0,4,0,0,0,0,1,0,0,10.540041365469794,28591.832587367244,10.030214733278479
2022-10-15,0.0,0,1,5,0,0,0,0,0,1,0,0.0,28569.87897432312,10.028725316306463
2022-10-16,0.0,0,1,6,0,0,0,0,0,0,1,0.0,28551.1215125505,10.027459296036826
2022-10-17,14651.95,0,0,0,1,0,0,0,0,0,0,9.592396959361679,28535.91839577943,10.026429816241832
2022-10-18,49751.79,0,0,1,0,1,0,0,0,0,0,10.814821821416302,28524.593037270435,10.025645041043738
2022-10-19,43666.770000000004,0,0,2,0,0,1,0,0,0,0,10.684365580371542,28517.415635008078,10.025112119911595
2022-10-20,37503.35,0,0,3,0,0,0,1,0,0,0,10.532212205231023,28514.65665159254,10.024839242614807
2022-10-21,54296.79,0,0,4,0,0,0,0,1,0,0,10.902238805277928,28516.57345125517,10.02483462757644
2022-10-22,60.32,0,1,5,0,0,0,0,0,1,0,4.116106054003613,28523.42578860771,10.025106048770088
2022-10-23,387.92,0,1,6,0,0,0,0,0,0,1,5.9633736669414565,28535.40122016091,10.025655954606743
2022-10-24,20288.05,0,0,0,1,0,0,0,0,0,0,9.917836610629584,28552.61355300984,10.026483701392213
2022-10-25,54537.15,0,0,1,0,1,0,0,0,0,0,10.906655735765609,28575.110980737078,10.027584938666157
2022-10-26,39924.315,0,0,2,0,0,1,0,0,0,0,10.59476586284545,28602.892797810135,10.028954322473794
2022-10-27,42345.28,0,0,3,0,0,0,1,0,0,0,10.653635856788798,28635.91345201641,10.030585128983924
2022-10-28,57750.51,0,0,4,0,0,0,0,1,0,0,10.963904775228356,28674.137578894104,10.03247076016117
2022-10-29,12705.65,0,1,5,0,0,0,0,0,1,0,9.449880757451739,28717.52474186593,10.034604407439948
2022-10-30,0.0,0,1,6,0,0,0,0,0,0,1,0.0,28765.96118438869,10.036977300152486
2022-10-31,42567.29,0,0,0,1,0,0,0,0,0,0,10.658864888882205,28819.303085984637,10.039579715658206
2022-11-01,0.0,0,0,1,0,1,0,0,0,0,0,0.0,28877.374576470378,10.042398464594793
2022-11-02,45728.955,0,0,2,0,0,1,0,0,0,0,10.730508832614879,28939.94666113343,10.045415980591388
2022-11-03,85963.9,0,0,3,0,0,0,1,0,0,0,11.361694352389152,29006.800606031065,10.048614131309158
2022-11-04,65759.25,0,0,4,0,0,0,0,1,0,0,11.093770831425998,29077.758373383804,10.051976147018385
2022-11-05,5928.0,0,1,5,0,0,0,0,0,1,0,8.687610843707368,29152.65979311589,10.055486660252638
2022-11-06,59.0,0,1,6,0,0,0,0,0,0,1,4.0943445622221,29231.334653889022,10.05913042030248
2022-11-07,94691.62,0,0,0,1,0,0,0,0,0,0,11.458391345831215,29313.54572636099,10.062890716016323
2022-11-08,48890.62,0,0,1,0,1,0,0,0,0,0,10.797361290634273,29398.993789391356,10.066747512175386
2022-11-09,58657.5,0,0,2,0,0,1,0,0,0,0,10.979487771116872,29487.3026737515,10.07067589202816
2022-11-10,60391.22,0,0,3,0,0,0,1,0,0,0,11.008615567679431,29578.050376904925,10.07464888668733
2022-11-11,68613.45999999999,0,0,4,0,0,0,0,1,0,0,11.136258578673493,29670.8426792234,10.078642424893756
2022-11-12,4872.97,0,1,5,0,0,0,0,0,1,0,8.491664079057468,29765.300122574234,10.082634348193507
2022-11-13,7748.719999999999,0,1,6,0,0,0,0,0,0,1,8.955411992662466,29860.99924729314,10.086601025450335
2022-11-14,43895.78,0,0,0,1,0,0,0,0,0,0,10.689596247853766,29957.451782181975,10.090518803403235
2022-11-15,42422.96,0,0,1,0,1,0,0,0,0,0,10.655468575953991,30054.120389955093,10.094365183824582
2022-11-16,46320.79,0,0,2,0,0,1,0,0,0,0,10.74336775571437,30150.47640465516,10.098118164420324
2022-11-17,22514.81,0,0,3,0,0,0,1,0,0,0,10.02197300810454,30246.065622878716,10.101759650888063
2022-11-18,73250.2,0,0,4,0,0,0,0,1,0,0,11.201649908997686,30340.470536370653,10.105274539107992
2022-11-19,209.08,0,1,5,0,0,0,0,0,1,0,5.347488410554486,30433.301649035595,10.108649574185238
2022-11-20,0.0,0,1,6,0,0,0,0,0,0,1,0.0,30524.163619364408,10.11186962213068
2022-11-21,4340.17,1,0,0,1,0,0,0,0,0,0,8.375899176016333,30612.758883418075,10.114923880872704
2022-11-22,57526.33,0,0,1,0,1,0,0,0,0,0,10.960015418211936,30698.78752373743,10.117803451368733
2022-11-23,29489.660000000003,0,0,2,0,0,1,0,0,0,0,10.291828882026838,30781.912745482365,10.120497469187006
2022-11-24,29064.960000000003,0,0,3,0,0,0,1,0,0,0,10.277323009006816,30861.83092314529,10.12299736154885
2022-11-25,77265.12,0,0,4,0,0,0,0,1,0,0,11.25501084612994,30938.375233025967,10.125300699925457
2022-11-26,2467.62,0,1,5,0,0,0,0,0,1,0,7.811414569035091,31011.49171684753,10.127410304356502
2022-11-27,0.0,0,1,6,0,0,0,0,0,0,1,0.0,31081.1611491886,10.129330519173292
2022-11-28,44098.41,0,0,0,1,0,0,0,0,0,0,10.694201682660635,31147.34345089058,10.131063271704074
2022-11-29,29914.36,0,0,1,0,1,0,0,0,0,0,10.30612733984833,31209.95433122233,10.132608788870344
2022-11-30,33693.44,0,0,2,0,0,1,0,0,0,0,10.4250881175657,31268.889747264024,10.133969573684452
2022-12-01,15543.4,0,0,3,0,0,0,1,0,0,0,9.651455724128134,31324.126736322913,10.135152627814145
2022-12-02,18148.11,0,0,4,0,0,0,0,1,0,0,9.80637680267803,31375.654993940127,10.13616656297355
2022-12-03,209.08,0,1,5,0,0,0,0,0,1,0,5.347488410554486,31423.47941338857,10.137021248347452
2022-12-04,1410.32,0,1,6,0,0,0,0,0,0,1,7.2522807156509455,31467.5432896365,10.137721385549298
2022-12-05,23816.920000000002,0,0,0,1,0,0,0,0,0,0,10.078193517518034,31507.72146434073,10.138265079939018
2022-12-06,61600.57,0,0,1,0,1,0,0,0,0,0,11.02844263620981,31543.876663137435,10.138648151557964
2022-12-07,22835.52,0,0,2,0,0,1,0,0,0,0,10.036116287888127,31575.848307917015,10.138864465057376
2022-12-08,22835.52,0,0,3,0,0,0,1,0,0,0,10.036116287888127,31603.539891426622,10.13891090067027
2022-12-09,31825.355000000003,0,0,4,0,0,0,0,1,0,0,10.368049999109981,31626.980642843024,10.138790143436793
2022-12-10,812.57,0,1,5,0,0,0,0,0,1,0,6.701431970898176,31646.35491615447,10.138510860715108
2022-12-11,209.08,0,1,6,0,0,0,0,0,0,1,5.347488410554486,31661.914571043828,10.138082121639224
2022-12-12,39833.79,0,0,0,1,0,0,0,0,0,0,10.59249593005462,31673.936258616413,10.137515036194033
2022-12-13,48759.62,0,0,1,0,1,0,0,0,0,0,10.794678298854812,31682.65901830638,10.13681867714579
2022-12-14,21854.12,0,0,2,0,0,1,0,0,0,0,9.992190498016727,31688.303069423895,10.135999899660462
2022-12-15,55701.77,0,0,3,0,0,0,1,0,0,0,10.927785155379025,31691.144974958668,10.135067840378042
2022-12-16,51002.15,0,0,4,0,0,0,0,1,0,0,10.839642674504985,31691.566550420044,10.134036382357523
2022-12-17,0.0,0,1,5,0,0,0,0,0,1,0,0.0,31690.018596490536,10.132923206029284
2022-12-18,19.76,0,1,6,0,0,0,0,0,0,1,3.033028058297688,31686.952328075207,10.131748173502457
2022-12-19,44296.705,0,0,0,1,0,0,0,0,0,0,10.698688148822182,31682.775789640273,10.130529443867374
2022-12-20,46618.29,0,0,1,0,1,0,0,0,0,0,10.749769682958549,31677.826430275305,10.129279666201489
2022-12-21,78440.36,0,0,2,0,0,1,0,0,0,0,11.27010661825279,31672.36135503327,10.128005501900518
2022-12-22,78023.58,0,0,3,0,0,0,1,0,0,0,11.264779184234394,31666.60896185129,10.126712767895986
2022-12-23,53244.68,0,0,4,0,0,0,0,1,0,0,10.882671953520154,31660.77950058348,10.125406627743901
2022-12-24,0.0,0,1,5,0,0,0,0,0,1,0,0.0,31655.053477285568,10.124089530337951
2022-12-25,0.0,1,1,6,0,0,0,0,0,0,1,0.0,31649.61768427307,10.122765943947398
2022-12-26,1880.4,0,0,0,1,0,0,0,0,0,0,7.539771459537851,31644.662058541115,10.121441914461414
2022-12-27,44476.96,0,0,1,0,1,0,0,0,0,0,10.702749064563358,31640.285912395724,10.120120066137286
2022-12-28,70843.55,0,0,2,0,0,1,0,0,0,0,11.168243319083173,31636.51550359728,10.118801740691346
2022-12-29,23548.46,0,0,3,0,0,0,1,0,0,0,10.066858169245362,31633.41591529312,10.117490340614694
2022-12-30,44482.5,0,0,4,0,0,0,0,1,0,0,10.70287361287916,31631.037830479658,10.116188256635356
2022-12-31,0.0,0,1,5,0,0,0,0,0,1,0,0.0,31629.44061070312,10.114898493621919
2023-01-01,0.0,1,1,6,0,0,0,0,0,0,1,0.0,31628.630448445474,10.113624107194942
2023-01-02,10133.539999999999,0,0,0,1,0,0,0,0,0,0,9.223704670584237,31628.551213795396,10.11236802716417
2023-01-03,67703.06,0,0,1,0,1,0,0,0,0,0,11.122901427560112,31629.140173374562,10.111134774341378
2023-01-04,65070.979999999996,0,0,2,0,0,1,0,0,0,0,11.083249320795103,31630.32609650225,10.109930378833125
2023-01-05,97506.62,0,0,3,0,0,0,1,0,0,0,11.48768580777824,31632.046086245264,10.1087617455647
2023-01-06,66387.01999999999,0,0,4,0,0,0,0,1,0,0,11.103271897499827,31634.24602685676,10.107636371317497
2023-01-07,0.0,0,1,5,0,0,0,0,0,1,0,0.0,31636.899611225235,10.106561973430848
2023-01-08,1130.49,0,1,6,0,0,0,0,0,0,1,7.0312906272086435,31639.91834495678,10.105539952309815
2023-01-09,73819.42499999999,0,0,0,1,0,0,0,0,0,0,11.209390733814775,31643.157677728672,10.104564017236715
2023-01-10,73819.42499999999,0,0,1,0,1,0,0,0,0,0,11.209390733814775,31646.496019360184,10.10362634922909
2023-01-11,72503.385,0,0,2,0,0,1,0,0,0,0,11.191402321772378,31649.78924718908,10.102719511834572
2023-01-12,79935.79,0,0,3,0,0,0,1,0,0,0,11.288991476342739,31652.88161359751,10.101835753149507
2023-01-13,98789.34,0,0,4,0,0,0,0,1,0,0,11.500755105676488,31655.638592544918,10.100968190263066
2023-01-14,743.1400000000001,0,1,5,0,0,0,0,0,1,0,6.612229189173965,31657.97795228363,10.100112114490866
2023-01-15,0.0,0,1,6,0,0,0,0,0,0,1,0.0,31659.811053063153,10.099264507003515
2023-01-16,96951.81999999999,0,0,0,1,0,0,0,0,0,0,11.481979747406104,31661.058182655153,10.098424427574388
2023-01-17,26064.82,0,0,1,0,1,0,0,0,0,0,10.168380156519365,31661.58851599615,10.097587176963442
2023-01-18,53313.049999999996,0,0,2,0,0,1,0,0,0,0,10.883955177668375,31661.252935307388,10.096748322502695
2023-01-19,35412.9,0,0,3,0,0,0,1,0,0,0,10.474859677420152,31659.96112092494,10.09590630883744
2023-01-20,44362.975,0,0,4,0,0,0,0,1,0,0,10.700183045204502,31657.71410769495,10.095063062237596
2023-01-21,2119.81,0,1,5,0,0,0,0,0,1,0,7.65955337016551,31654.603835412345,10.094223622183318
2023-01-22,0.0,0,1,6,0,0,0,0,0,0,1,0.0,31650.688065393264,10.093390486446744
2023-01-23,30738.86,0,0,0,1,0,0,0,0,0,0,10.333315462755605,31645.99329337241,10.092561785568614
2023-01-24,30738.86,0,0,1,0,1,0,0,0,0,0,10.333315462755605,31640.487846776894,10.09173222119021
2023-01-25,30622.835,0,0,2,0,0,1,0,0,0,0,10.329533906307132,31634.108232711485,10.090895904175616
2023-01-26,25497.03,0,0,3,0,0,0,1,0,0,0,10.146356473260242,31626.782945174837,10.090046619693357
2023-01-27,93662.0,0,0,4,0,0,0,0,1,0,0,11.447458512974078,31618.443266341586,10.089177708541303
2023-01-28,5925.96,0,1,5,0,0,0,0,0,1,0,8.687266712988281,31609.052926861703,10.088283041357725
2023-01-29,3573.4,0,1,6,0,0,0,0,0,0,1,8.181552608874881,31598.51419389002,10.087353182060388
2023-01-30,16336.56,0,0,0,1,0,0,0,0,0,0,9.70122203045825,31586.636817726794,10.086374430015006
2023-01-31,71907.52,0,0,1,0,1,0,0,0,0,0,11.183150034602583,31573.18105890021,10.085330932870114
2023-02-01,25832.77,0,0,2,0,0,1,0,0,0,0,10.159437829756277,31557.819964116217,10.08420642188387
2023-02-02,54491.53,0,0,3,0,0,0,1,0,0,0,10.905818907036993,31540.20338421643,10.082984008899244
2023-02-03,26344.845,0,0,4,0,0,0,0,1,0,0,10.179065856526433,31520.073156915343,10.081650958560603
2023-02-04,4940.89,0,1,5,0,0,0,0,0,1,0,8.505503128105776,31497.253994344515,10.080198321410471
2023-02-05,264.16,0,1,6,0,0,0,0,0,0,1,5.580333417373191,31471.603648427965,10.078617628139781
2023-02-06,6084.36,1,0,0,1,0,0,0,0,0,0,8.713641165545091,31442.983951113405,10.07690133206666
2023-02-07,35073.899999999994,0,0,1,0,1,0,0,0,0,0,10.465241053933097,31411.253700122696,10.075044855752536
2023-02-08,28012.085,0,0,2,0,0,1,0,0,0,0,10.24042700142526,31376.26969727944,10.073046148759206
2023-02-09,35710.82,0,0,3,0,0,0,1,0,0,0,10.4832370054057,31337.93692045891,10.070906151142584
2023-02-10,26856.92,0,0,4,0,0,0,0,1,0,0,10.198316028508343,31296.24834918132,10.068629780019341
2023-02-11,0.0,0,1,5,0,0,0,0,0,1,0,0.0,31251.31492586024,10.06622619561901
2023-02-12,124.8,0,1,6,0,0,0,0,0,0,1,4.8346933442663405,31203.28600954905,10.063704520947178
2023-02-13,47805.38,0,0,0,1,0,0,0,0,0,0,10.774914382376192,31152.295503013524,10.061072685230032
2023-02-14,29167.25,0,0,1,0,1,0,0,0,0,0,10.280836067918466,31098.451170675307,10.058338554930609
2023-02-15,31101.71,0,0,2,0,0,1,0,0,0,0,10.345050232634673,31041.83932843396,10.055507665515153
2023-02-16,31914.95,0,0,3,0,0,0,1,0,0,0,10.370861163814586,30982.556558462707,10.052586165380777
2023-02-17,77124.6,0,0,4,0,0,0,0,1,0,0,11.253190540756034,30920.702747834806,10.049580740970118
2023-02-18,0.0,0,1,5,0,0,0,0,0,1,0,0.0,30856.474627203123,10.046501512108236
2023-02-19,1279.32,0,1,6,0,0,0,0,0,0,1,7.154865325668871,30790.10516338042,10.043358728852919
2023-02-20,30288.47,0,0,0,1,0,0,0,0,0,0,10.318555406344265,30721.82954136612,10.040164398188406
2023-02-21,73759.35,0,0,1,0,1,0,0,0,0,0,11.208576603338523,30651.818769479873,10.036928324420343
2023-02-22,80148.38,0,0,2,0,0,1,0,0,0,0,11.291647422511835,30580.246900572554,10.033658299777723
2023-02-23,83045.77,0,0,3,0,0,0,1,0,0,0,11.327159222051524,30507.342509087222,10.030364510376451
2023-02-24,46148.59,0,0,4,0,0,0,0,1,0,0,10.739643355817861,30433.392660873327,10.027060374620765
2023-02-25,5221.2300000000005,0,1,5,0,0,0,0,0,1,0,8.56067979271657,30358.76879766427,10.023762467729695
2023-02-26,0.0,0,1,6,0,0,0,0,0,0,1,0.0,30283.869642189566,10.02048722703522
2023-02-27,60790.59,0,0,0,1,0,0,0,0,0,0,11.015206736018417,30209.098321712023,10.017253555603267
2023-02-28,33801.19,0,0,1,0,1,0,0,0,0,0,10.42828087227155,30134.83233949892,10.01408119800662
2023-03-01,21453.79,0,0,2,0,0,1,0,0,0,0,9.973703209449502,30061.406184573283,10.010989900045498
2023-03-02,8700.48,0,0,3,0,0,0,1,0,0,0,9.071248405117299,29989.168654943,10.008000783735914
2023-03-03,4906.9800000000005,0,0,4,0,0,0,0,1,0,0,8.498617730842874,29918.45832788802,10.005135037984983
2023-03-04,2674.67,0,1,5,0,0,0,0,0,1,0,7.891955095258131,29849.629259414785,10.002414517362839
2023-03-05,119.6,0,1,6,0,0,0,0,0,0,1,4.792479284293085,29782.989108906422,9.999857528770777
2023-03-06,66416.03,0,0,0,1,0,0,0,0,0,0,11.103708778483817,29718.80511513739,9.997478410038417
2023-03-07,43934.91,0,0,1,0,1,0,0,0,0,0,10.690487260131514,29657.283422155208,9.995288478301239
2023-03-08,93523.36,0,0,2,0,0,1,0,0,0,0,11.44597721610285,29598.609522707866,9.993298618094968
2023-03-09,67255.72,0,0,3,0,0,0,1,0,0,0,11.116272218122408,29542.974975741363,9.9915201590001
2023-03-10,68095.41,0,0,4,0,0,0,0,1,0,0,11.12867977415479,29490.57941981751,9.989965091067145
2023-03-11,2930.67,0,1,5,0,0,0,0,0,1,0,7.983327505512567,29441.63225602247,9.98864615410944
2023-03-12,1748.5700000000002,0,1,6,0,0,0,0,0,0,1,7.467125322439144,29396.313248601065,9.987572122431404
2023-03-13,85616.94,0,0,0,1,0,0,0,0,0,0,11.357650119610383,29354.768100876197,9.986748269414482
2023-03-14,52868.175,0,0,1,0,1,0,0,0,0,0,10.875575744795283,29317.0795387428,9.986178101285786
2023-03-15,71412.43000000001,0,0,2,0,0,1,0,0,0,0,11.17624122587808,29283.275214020996,9.985863470735836
2023-03-16,52868.175,0,0,3,0,0,0,1,0,0,0,10.875575744795283,29253.38674994537,9.985805838430883
2023-03-17,27859.87,0,0,4,0,0,0,0,1,0,0,10.23497847441263,29227.476247106726,9.986006241385892
2023-03-18,418.16,0,1,5,0,0,0,0,0,1,0,6.038252708606741,29205.57166302039,9.986462139020247
2023-03-19,418.16,0,1,6,0,0,0,0,0,0,1,6.038252708606741,29187.62876362668,9.987169034098805
2023-03-20,10264.89,1,0,0,1,0,0,0,0,0,0,9.23658202808135,29173.51949921892,9.988121115179712
2023-03-21,37640.94,0,0,1,0,1,0,0,0,0,0,10.53587413328505,29163.059807319492,9.98931183518351
2023-03-22,32750.405,0,0,2,0,0,1,0,0,0,0,10.396701140906545,29156.04791935471,9.990732686860088
2023-03-23,99715.44,0,0,3,0,0,0,1,0,0,0,11.510085837040348,29152.338911006154,9.99237617965475
2023-03-24,72846.25,0,0,4,0,0,0,0,1,0,0,11.196120062111945,29151.894036673904,9.994237730835977
2023-03-25,1372.09,0,1,5,0,0,0,0,0,1,0,7.224818953510421,29154.722999594807,9.99631411154843
2023-03-26,0.0,0,1,6,0,0,0,0,0,0,1,0.0,29160.764252710385,9.998600732987063
2023-03-27,89132.64,0,0,0,1,0,0,0,0,0,0,11.39789209551447,29169.86648758642,10.001090850840303
2023-03-28,38496.7,0,0,1,0,1,0,0,0,0,0,10.558353778231615,29181.79529497056,10.0037728733192
2023-03-29,24400.8,0,0,2,0,0,1,0,0,0,0,10.102412179052187,29196.2684554554,10.006633814369776
2023-03-30,31448.75,0,0,3,0,0,0,1,0,0,0,10.356146312971395,29213.034875521815,10.009661509158512
2023-03-31,23577.29,0,0,4,0,0,0,0,1,0,0,10.068081652377757,29231.84517717255,10.012843518184349
2023-04-01,0.0,0,1,5,0,0,0,0,0,1,0,0.0,29252.435103862426,10.016166181739857
2023-04-02,0.0,0,1,6,0,0,0,0,0,0,1,0.0,29274.50324265639,10.019615176610325
2023-04-03,23577.29,0,0,0,1,0,0,0,0,0,0,10.068081652377757,29297.655940023273,10.023172772760159
2023-04-04,22753.780000000002,0,0,1,0,1,0,0,0,0,0,10.032530512199214,29321.402972036107,10.026816096964502
2023-04-05,23577.29,0,0,2,0,0,1,0,0,0,0,10.068081652377757,29345.241292650924,10.030522928651152
2023-04-06,3773.86,0,0,3,0,0,0,1,0,0,0,8.236118574902704,29368.71748118204,10.034273326140692
2023-04-07,1331.72,0,0,4,0,0,0,0,1,0,0,7.194977245601462,29391.44791338584,10.03805045254005
2023-04-08,812.57,0,1,5,0,0,0,0,0,1,0,6.701431970898176,29413.102950531884,10.041840317453829
2023-04-09,0.0,0,1,6,0,0,0,0,0,0,1,0.0,29433.346619691518,10.045630524485018
2023-04-10,30781.885000000002,0,0,0,1,0,0,0,0,0,0,10.334714132695124,29451.84467852287,10.049407408348
2023-04-11,30781.885000000002,0,0,1,0,1,0,0,0,0,0,10.334714132695124,29468.275165208423,10.053154277383065
2023-04-12,49989.365,0,0,2,0,0,1,0,0,0,0,10.819585565841253,29482.351749266898,10.056856737491009
2023-04-13,31880.019999999997,0,0,3,0,0,0,1,0,0,0,10.369766127373502,29493.901706981655,10.060504913181672
2023-04-14,92240.46,0,0,4,0,0,0,0,1,0,0,11.432164983091743,29502.860545582644,10.064092797519542
2023-04-15,973.0600000000001,0,1,5,0,0,0,0,0,1,0,6.881472903387943,29509.212229349316,10.067615301405231
2023-04-16,0.0,0,1,6,0,0,0,0,0,0,1,0.0,29512.925942612088,10.071064686130825
2023-04-17,38809.99,0,0,0,1,0,0,0,0,0,0,10.566458732927067,29513.92380207949,10.074432117160944
2023-04-18,61168.74,0,0,1,0,1,0,0,0,0,0,11.02140790177801,29512.133460806595,10.077710402028867
2023-04-19,81931.64,0,0,2,0,0,1,0,0,0,0,11.313652725245797,29507.47480016785,10.080894560137313
2023-04-20,24950.05,0,0,3,0,0,0,1,0,0,0,10.124671184462487,29499.937738279335,10.083982772811543
2023-04-21,55395.58,0,0,4,0,0,0,0,1,0,0,10.92227313797784,29489.565499953893,10.086975435706517
2023-04-22,11195.11,0,1,5,0,0,0,0,0,1,0,9.323321675524557,29476.436286339278,10.089873611875694
2023-04-23,0.0,0,1,6,0,0,0,0,0,0,1,0.0,29460.634665218022,10.092677001337494
2023-04-24,22874.04,0,0,0,1,0,0,0,0,0,0,10.037801638776074,29442.253322430217,10.0953859578021
2023-04-25,13704.25,0,0,1,0,1,0,0,0,0,0,9.525534250088207,29421.360857914893,10.097998008724735
2023-04-26,32893.39,0,0,2,0,0,1,0,0,0,0,10.401057405496509,29397.99511780617,10.100511028727567
2023-04-27,18289.145,0,0,3,0,0,0,1,0,0,0,9.8141176691829,29372.191482467566,10.102922163305491
2023-04-28,1787.24,0,0,4,0,0,0,0,1,0,0,7.488987174913582,29344.05367286787,10.10523171280197
2023-04-29,2740.6,0,1,5,0,0,0,0,0,1,0,7.916296970560399,29313.776470859106,10.107444412902813
2023-04-30,0.0,0,1,6,0,0,0,0,0,0,1,0.0,29281.56239909051,10.109565606341796
2023-05-01,3606.2799999999997,1,0,0,1,0,0,0,0,0,0,8.190709304727438,29247.574207456364,10.11159909684604
2023-05-02,44810.09,0,0,1,0,1,0,0,0,0,0,10.710210932411814,29211.933455219427,10.113549631912718
2023-05-03,36035.51,0,0,2,0,0,1,0,0,0,0,10.492287870185338,29174.785741732976,10.115425403269217
2023-05-04,73893.45,0,0,3,0,0,0,1,0,0,0,11.210393002627537,29136.289369545426,10.117235230029312
2023-05-05,88313.84999999999,0,0,4,0,0,0,0,1,0,0,11.388663549122382,29096.65317052644,10.118989602097482
2023-05-06,0.0,0,1,5,0,0,0,0,0,1,0,0.0,29056.083247882914,10.120698599547108
2023-05-07,0.0,0,1,6,0,0,0,0,0,0,1,0.0,29014.754617161627,10.122369482469786
2023-05-08,28188.93,0,0,0,1,0,0,0,0,0,0,10.246720100955022,28972.810475002352,10.12400549550564
2023-05-09,32112.22,0,0,1,0,1,0,0,0,0,0,10.377023062342342,28930.34098678936,10.125607234733287
2023-05-10,60426.72,0,0,2,0,0,1,0,0,0,0,11.009203219039323,28887.43752738786,10.127173992984556
2023-05-11,76076.98,0,0,3,0,0,0,1,0,0,0,11.23951414586784,28844.26387942687,10.128707518016798
2023-05-12,40190.6,0,0,4,0,0,0,0,1,0,0,10.601413297549048,28801.04987758274,10.130212140843472
2023-05-13,0.0,0,1,5,0,0,0,0,0,1,0,0.0,28758.043411614486,10.131693391965163
2023-05-14,825.76,0,1,6,0,0,0,0,0,0,1,6.7175144473436355,28715.48991874675,10.133157394991859
2023-05-15,19763.75,0,0,0,1,0,0,0,0,0,0,9.891655327029492,28673.64292407427,10.13460926206201
2023-05-16,9285.87,0,0,1,0,1,0,0,0,0,0,9.136356853616228,28632.797683982855,10.136056468076083
2023-05-17,47307.14,0,0,2,0,0,1,0,0,0,0,10.764437652696975,28593.194386676492,10.137506552786352
2023-05-18,61993.28,0,0,3,0,0,0,1,0,0,0,11.034797401706676,28555.022184862035,10.138965431865046
2023-05-19,68439.73,0,0,4,0,0,0,0,1,0,0,11.133723394226276,28518.463524041894,10.140438957133592
2023-05-20,0.0,0,1,5,0,0,0,0,0,1,0,0.0,28483.737219944524,10.141934573525885
2023-05-21,1387.44,0,1,6,0,0,0,0,0,0,1,7.235936093713796,28450.98902354272,10.143457682750372
2023-05-22,70914.38,0,0,0,1,0,0,0,0,0,0,11.169242614242165,28420.283999665928,10.145008996198301
2023-05-23,58282.98,0,0,1,0,1,0,0,0,0,0,10.973082548986339,28391.612190633634,10.146588752531947
2023-05-24,44395.71,0,0,2,0,0,1,0,0,0,0,10.700920646575742,28364.934816924404,10.148197931741535
2023-05-25,70445.61,0,0,3,0,0,0,1,0,0,0,11.162610396935559,28340.23679057317,10.149837928845784
2023-05-26,80878.31,0,0,4,0,0,0,0,1,0,0,11.300713322500693,28317.556054721474,10.151511664383648
2023-05-27,0.0,0,1,5,0,0,0,0,0,1,0,0.0,28296.918967406913,10.153220448193304
2023-05-28,0.0,0,1,6,0,0,0,0,0,0,1,0.0,28278.2734786416,10.154961029826854
2023-05-29,43859.07,0,0,0,1,0,0,0,0,0,0,10.688759617957837,28261.506870828594,10.156729011161747
2023-05-30,20833.4,0,0,1,0,1,0,0,0,0,0,9.944360745745708,28246.507025556934,10.158522286551442
2023-05-31,69273.19,0,0,2,0,0,1,0,0,0,0,11.145827677133049,28233.134840006172,10.160338412988722
2023-06-01,19484.43,0,0,3,0,0,0,1,0,0,0,9.877422285786944,28221.199121574453,10.162171110485156
2023-06-02,47852.23,0,0,4,0,0,0,0,1,0,0,10.775893897215232,28210.436820107432,10.16400950289803
2023-06-03,43.68,0,1,5,0,0,0,0,0,1,0,3.799525974201,28200.54293993153,10.16584048267805
2023-06-04,0.0,0,1,6,0,0,0,0,0,0,1,0.0,28191.142883348704,10.167646995879911
2023-06-05,45855.65,0,0,0,1,0,0,0,0,0,0,10.733275505335532,28181.806641774016,10.169409360752685
2023-06-06,51347.78,0,0,1,0,1,0,0,0,0,0,10.846396456554505,28172.100725345124,10.171108877422709
2023-06-07,99770.13,0,0,2,0,0,1,0,0,0,0,11.510634141893329,28161.58942727723,10.172725252072043
2023-06-08,57862.579999999994,0,0,3,0,0,0,1,0,0,0,10.965843450103769,28149.904091304554,10.174242129201284
2023-06-09,82157.3,0,0,4,0,0,0,0,1,0,0,11.316403153054388,28136.766692934143,10.175648431732217
2023-06-10,0.0,0,1,5,0,0,0,0,0,1,0,0.0,28121.992033244944,10.176937927189304
2023-06-11,0.0,0,1,6,0,0,0,0,0,0,1,0.0,28105.364820937786,10.178102402952707
2023-06-12,74394.93,0,0,0,1,0,0,0,0,0,0,11.217156515023772,28086.62735953444,10.179130551424988
2023-06-13,54843.329999999994,0,0,1,0,1,0,0,0,0,0,10.912254087525032,28065.533623370367,10.180013523408952
2023-06-14,5068.74,0,0,2,0,0,1,0,0,0,0,8.531044813218978,28041.86124438203,10.18074608120197
2023-06-15,36129.675,0,0,3,0,0,0,1,0,0,0,10.49489750650246,28015.49809205948,10.181328751753197
2023-06-16,27080.24,0,0,4,0,0,0,0,1,0,0,10.206596516228977,27986.432723974758,10.18176716512783
2023-06-17,0.0,0,1,5,0,0,0,0,0,1,0,0.0,27954.69203155387,10.182068871903045
2023-06-18,6783.139999999999,0,1,6,0,0,0,0,0,0,1,8.822342814051256,27920.25810958595,10.182236267494863
2023-06-19,28677.965,0,0,0,1,0,0,0,0,0,0,10.263919206196265,27883.031191561564,10.18226329174031
2023-06-20,57315.52,0,0,1,0,1,0,0,0,0,0,10.956344168305632,27842.83829527937,10.182141331749179
2023-06-21,45179.11,0,0,2,0,0,1,0,0,0,0,10.718412224724652,27799.476426681926,10.181862176670524
2023-06-22,24313.13,0,0,3,0,0,0,1,0,0,0,10.098812941815273,27752.759601568127,10.181418571035278
2023-06-23,19761.55,0,0,4,0,0,0,0,1,0,0,9.891544011558803,27702.61651954608,10.180807789977838
2023-06-24,22037.34,0,1,5,0,0,0,0,0,1,0,10.000538942825981,27649.08657385723,10.180030332634708
2023-06-25,0.0,0,1,6,0,0,0,0,0,0,1,0.0,27592.21288656221,10.17908412607799
2023-06-26,30275.69,0,0,0,1,0,0,0,0,0,0,10.318133388498335,27532.011444224958,10.177965887157299
2023-06-27,33738.619999999995,0,0,1,0,1,0,0,0,0,0,10.426428093440212,27468.537074377873,10.176670025781776
2023-06-28,11950.41,0,0,2,0,0,1,0,0,0,0,9.388604542030992,27401.87189289329,10.175189834222305
2023-06-29,46575.1,0,0,3,0,0,0,1,0,0,0,10.748842813011612,27332.134072468776,10.173520441918253
2023-06-30,15237.77,0,0,4,0,0,0,0,1,0,0,9.6315981173221,27259.511784762537,10.17166070128612
2023-07-01,104.04,0,1,5,0,0,0,0,0,1,0,4.65434122999454,27184.226880551356,10.169612156759081
2023-07-02,0.0,0,1,6,0,0,0,0,0,0,1,0.0,27106.516457375543,10.167380552988536
2023-07-03,24673.09,0,0,0,1,0,0,0,0,0,0,10.113508984188995,27026.60036419215,10.16497543555355
2023-07-04,29205.854999999996,0,0,1,0,1,0,0,0,0,0,10.282158720978465,26944.66831372869,10.16240817058736
2023-07-05,19955.43,0,0,2,0,0,1,0,0,0,0,9.901306676153075,26860.88151087566,10.159691390680425
2023-07-06,34787.625,0,0,3,0,0,0,1,0,0,0,10.457045744513545,26775.39442720119,10.156838338402931
2023-07-07,93937.1,0,0,4,0,0,0,0,1,0,0,11.45039133370048,26688.345048172043,10.153860374353835
2023-07-08,791.72,0,1,5,0,0,0,0,0,1,0,6.675470069750644,26599.85938314733,10.150766343017164
2023-07-09,0.0,0,1,6,0,0,0,0,0,0,1,0.0,26510.044010007394,10.147562032831065
2023-07-10,52682.43,0,0,0,1,0,0,0,0,0,0,10.872056263836356,26418.954422226238,10.144253434271421
2023-07-11,44902.159999999996,0,0,1,0,1,0,0,0,0,0,10.71226344987304,26326.597454646042,10.14084618540537
2023-07-12,10943.92,0,0,2,0,0,1,0,0,0,0,9.30063070065661,26232.947230977825,10.137345590187502
2023-07-13,47633.36,0,0,3,0,0,0,1,0,0,0,10.771309628551515,26138.02501105922,10.133758768301181
2023-07-14,14119.62,0,0,4,0,0,0,0,1,0,0,9.555391419431688,26041.88057713193,10.13009385417212
2023-07-15,30.16,0,1,5,0,0,0,0,0,1,0,3.4391352210025476,25944.596599748373,10.126358941864487
2023-07-16,0.0,0,1,6,0,0,0,0,0,0,1,0.0,25846.218976641852,10.122557460373196
2023-07-17,44913.35,0,0,0,1,0,0,0,0,0,0,10.712512621778561,25746.766169649287,10.118692128993557
2023-07-18,35730.08,0,0,1,0,1,0,0,0,0,0,10.48377617726089,25646.251872702032,10.114762698394347
2023-07-19,16667.83,0,0,2,0,0,1,0,0,0,0,9.721295787318882,25544.733550948567,10.11077059012953
2023-07-20,42241.01,0,0,3,0,0,0,1,0,0,0,10.651170502475274,25442.37794527692,10.106721727764128
2023-07-21,98925.24,0,0,4,0,0,0,0,1,0,0,11.502129800923612,25339.388801140165,10.102623405201324
2023-07-22,326.78,0,1,5,0,0,0,0,0,1,0,5.792342651635681,25236.005580827015,10.09848367074221
2023-07-23,0.0,0,1,6,0,0,0,0,0,0,1,0.0,25132.450586134106,10.094309725237613
2023-07-24,4262.32,0,0,0,1,0,0,0,0,0,0,8.357803478456573,25028.92338080562,10.090111159423156
2023-07-25,60851.799999999996,0,0,1,0,1,0,0,0,0,0,11.016213112147494,24925.60041735575,10.085898861647786
2023-07-26,34075.659999999996,0,0,2,0,0,1,0,0,0,0,10.436367971445643,24822.62833646918,10.081684034175213
2023-07-27,31407.37,0,0,3,0,0,0,1,0,0,0,10.35482969688496,24720.14581468792,10.077477644719128
2023-07-28,23070.25,0,0,4,0,0,0,0,1,0,0,10.046342532621502,24618.29233793701,10.073290533884347
2023-07-29,0.0,0,1,5,0,0,0,0,0,1,0,0.0,24517.216008248484,10.069131618231808
2023-07-30,0.0,0,1,6,0,0,0,0,0,0,1,0.0,24417.03448911741,10.06500634485763
2023-07-31,13854.73,0,0,0,1,0,0,0,0,0,0,9.536454144469172,24317.841233334177,10.0609187839003
2023-08-01,25028.485,0,0,1,0,1,0,0,0,0,0,10.127809808904518,24219.66145154336,10.05686470458166
2023-08-02,13180.17,0,0,2,0,0,1,0,0,0,0,9.486544574981545,24122.49329449785,10.052838225797773
2023-08-03,25028.485,0,0,3,0,0,0,1,0,0,0,10.127809808904518,24026.336799948043,10.04883308394477
2023-08-04,26986.72,0,0,4,0,0,0,0,1,0,0,10.203137226712022,23931.256209130108,10.044845772667488
2023-08-05,0.0,0,1,5,0,0,0,0,0,1,0,0.0,23837.36411377341,10.040876271494787
2023-08-06,8033.02,0,1,6,0,0,0,0,0,0,1,8.991440304336095,23744.78593156582,10.036928052001011
2023-08-07,75543.91,0,0,0,1,0,0,0,0,0,0,11.232482592830323,23653.61875114161,10.03300516092793
2023-08-08,59728.95,0,0,1,0,1,0,0,0,0,0,10.997588848625716,23563.909721647284,10.029107093039206
2023-08-09,39809.64,0,0,2,0,0,1,0,0,0,0,10.591889492227862,23475.657223860315,10.025231979226172
2023-08-10,73553.34,0,0,3,0,0,0,1,0,0,0,11.205779731766617,23388.878436851362,10.021377494519424
2023-08-11,87367.44,0,0,4,0,0,0,0,1,0,0,11.377889398033732,23303.695662917045,10.0175465686655
2023-08-12,78829.26,0,1,5,0,0,0,0,0,1,0,11.275052212285226,23220.28559284912,10.013746694419678
2023-08-13,0.0,0,1,6,0,0,0,0,0,0,1,0.0,23138.756200478496,10.009984643211173
2023-08-14,13723.4,0,0,0,1,0,0,0,0,0,0,9.526930549575171,23059.10890234943,10.006260691178648
2023-08-15,33454.31,0,0,1,0,1,0,0,0,0,0,10.417965797352435,22981.26144777609,10.002572557051087
2023-08-16,51879.48,0,0,2,0,0,1,0,0,0,0,10.856697890507856,22905.064262993266,9.998916704872077
2023-08-17,25249.54,0,0,3,0,0,0,1,0,0,0,10.13660282061344,22830.408789510522,9.99529243652496
2023-08-18,35199.56,0,0,4,0,0,0,0,1,0,0,10.468817270550549,22757.26625636896,9.99170247246291
2023-08-19,0.0,0,1,5,0,0,0,0,0,1,0,0.0,22685.689957587463,9.988153189461816
2023-08-20,0.0,0,1,6,0,0,0,0,0,0,1,0.0,22615.716754099023,9.984651498311688
2023-08-21,14476.724999999999,0,0,0,1,0,0,0,0,0,0,9.580366540336458,22547.33632810822,9.98119881641318
2023-08-22,30736.32,0,0,1,0,1,0,0,0,0,0,10.333232830468262,22480.518925192435,9.977789803781969
2023-08-23,9167.960000000001,0,0,2,0,0,1,0,0,0,0,9.123579145514482,22415.216638779075,9.9744172215918
2023-08-24,12199.005000000001,0,0,3,0,0,0,1,0,0,0,9.40919164055733,22351.371796670413,9.97107062495845
2023-08-25,15230.05,0,0,4,0,0,0,0,1,0,0,9.63109138638866,22289.00185400124,9.967742331076694
2023-08-26,0.0,0,1,5,0,0,0,0,0,1,0,0.0,22228.19477609313,9.964428407776994
2023-08-27,29.5,0,1,6,0,0,0,0,0,0,1,3.417726683613366,22169.006364889592,9.961126269524527
2023-08-28,2296.28,0,0,0,1,0,0,0,0,0,0,7.739481093388118,22111.46453064891,9.957835228100505
2023-08-29,3875.81,0,0,1,0,1,0,0,0,0,0,8.262767929505902,22055.560910261564,9.954555260738896
2023-08-30,33609.58,0,0,2,0,0,1,0,0,0,0,10.422596177339074,22001.23533940473,9.951285580972783
2023-08-31,19059.12,0,0,3,0,0,0,1,0,0,0,9.855353473096034,21948.427039489376,9.948023791992963
2023-09-01,22888.19,0,0,4,0,0,0,0,1,0,0,10.038420025688774,21897.053518813806,9.94476603222307
2023-09-02,0.0,0,1,5,0,0,0,0,0,1,0,0.0,21847.017234322608,9.941506599769601
2023-09-03,496.08000000000004,0,1,6,0,0,0,0,0,0,1,6.208750978937794,21798.13882823903,9.938234073230994
2023-09-04,34675.29,0,0,0,1,0,0,0,0,0,0,10.453811447086563,21750.157826269915,9.934932989261256
2023-09-05,30883.660000000003,0,0,1,0,1,0,0,0,0,0,10.338014899489188,21702.79332212558,9.931585921321243
2023-09-06,61505.54,0,0,2,0,0,1,0,0,0,0,11.026898789604171,21655.76626065221,9.928176299263098
2023-09-07,28157.74,0,0,3,0,0,0,1,0,0,0,10.24561306495274,21608.820509352714,9.924687677353054
2023-09-08,25522.965,0,0,4,0,0,0,0,1,0,0,10.147373093728874,21561.73875562191,9.921103416319468
2023-09-09,0.0,0,1,5,0,0,0,0,0,1,0,0.0,21514.37194539658,9.917410751359652
2023-09-10,0.0,0,1,6,0,0,0,0,0,0,1,0.0,21466.562650841264,9.913600086453878
2023-09-11,89210.53,0,0,0,1,0,0,0,0,0,0,11.398765570304422,21418.130969378726,9.909664240416538
2023-09-12,34684.87,0,0,1,0,1,0,0,0,0,0,10.454087678393687,21368.936475177816,9.905599676496516
2023-09-13,41476.6,0,0,2,0,0,1,0,0,0,0,10.632908801460298,21318.866002588482,9.901405049690737
2023-09-14,21906.890000000003,0,0,3,0,0,0,1,0,0,0,9.994602124894111,21267.806785131168,9.8970783764959
2023-09-15,3643.96,0,0,4,0,0,0,0,1,0,0,8.201100670445644,21215.70422834765,9.8926204640958
2023-09-16,0.0,1,1,5,0,0,0,0,0,1,0,0.0,21162.53137327708,9.88803432379053
2023-09-17,0.0,0,1,6,0,0,0,0,0,0,1,0.0,21108.243202156882,9.883323867662682
2023-09-18,18862.34,0,0,0,1,0,0,0,0,0,0,9.84497563488773,21052.816332241764,9.878493815457844
2023-09-19,55719.57,0,0,1,0,1,0,0,0,0,0,10.928104657561448,20996.22719960268,9.873549496735906
2023-09-20,37193.8,0,0,2,0,0,1,0,0,0,0,10.523924245544176,20938.477479185185,9.868497529372387
2023-09-21,31907.64,0,0,3,0,0,0,1,0,0,0,10.370632098495657,20879.605828973585,9.863345068057686
2023-09-22,20554.36,0,0,4,0,0,0,0,1,0,0,9.930877013165475,20819.714473870772,9.85810177131893
2023-09-23,209.08,0,1,5,0,0,0,0,0,1,0,5.347488410554486,20758.9624510587,9.852779715049007
2023-09-24,4802.719999999999,0,1,6,0,0,0,0,0,0,1,8.477145896738554,20697.54125237412,9.847393100075264
2023-09-25,23430.43,0,0,0,1,0,0,0,0,0,0,10.061833562503262,20635.6188849971,9.841958172458732
2023-09-26,42847.740000000005,0,0,1,0,1,0,0,0,0,0,10.665431518692776,20573.337720714015,9.83649188832112
2023-09-27,26306.5,0,0,2,0,0,1,0,0,0,0,10.177609348614967,20510.813286726385,9.83101067579283
2023-09-28,46587.35,0,0,3,0,0,0,1,0,0,0,10.749105788858527,20448.119955054633,9.825529030423661
2023-09-29,24623.845,0,0,4,0,0,0,0,1,0,0,10.111511171604237,20385.345401470888,9.820061468581235
2023-09-30,0.0,0,1,5,0,0,0,0,0,1,0,0.0,20322.536988975524,9.814619414645607
2023-10-01,0.0,0,1,6,0,0,0,0,0,0,1,0.0,20259.675473133906,9.809206212318355
2023-10-02,18098.45,0,0,0,1,0,0,0,0,0,0,9.8036368300519,20196.684783570778,9.80381975606136
2023-10-03,22941.190000000002,0,0,1,0,1,0,0,0,0,0,10.040732852560907,20133.465246067775,9.798457478328611
2023-10-04,99618.95,0,0,2,0,0,1,0,0,0,0,11.509117724719902,20069.901883203464,9.79311744800343
2023-10-05,80583.31,0,0,3,0,0,0,1,0,0,0,11.297059244532619,20005.85588522472,9.787797744280734
2023-10-06,20519.82,0,0,4,0,0,0,0,1,0,0,9.92919525949993,19941.18719328276,9.78249714291754
2023-10-07,0.0,0,1,5,0,0,0,0,0,1,0,0.0,19875.775784709145,9.777214062311995
2023-10-08,0.0,0,1,6,0,0,0,0,0,0,1,0.0,19809.466443543555,9.771936659511466
2023-10-09,44091.96,0,0,0,1,0,0,0,0,0,0,10.694055411503356,19742.07319537669,9.76664775437957
2023-10-10,18346.410000000003,0,0,1,0,1,0,0,0,0,0,9.817243699106738,19673.44790261773,9.761332494711759
2023-10-11,13751.630000000001,0,0,2,0,0,1,0,0,0,0,9.528985357531694,19603.47196730828,9.755977157526557
2023-10-12,9591.9,0,0,3,0,0,0,1,0,0,0,9.16877852049592,19532.028717321526,9.750562864536807
2023-10-13,31571.86,0,0,4,0,0,0,0,1,0,0,10.360053169783294,19459.06348052634,9.745072417361904
2023-10-14,108.16,0,1,5,0,0,0,0,0,1,0,4.692814695840138,19384.592944329335,9.739493343035488
2023-10-15,0.0,0,1,6,0,0,0,0,0,0,1,0.0,19308.619613771265,9.733815009538784
2023-10-16,47507.92,0,0,0,1,0,0,0,0,0,0,10.768672761866181,19231.11578001649,9.728027477882645
2023-10-17,12652.66,0,0,1,0,1,0,0,0,0,0,9.445701780371614,19152.070066287066,9.7221187893935
2023-10-18,11780.21,0,0,2,0,0,1,0,0,0,0,9.374261168399194,19071.490989370694,9.71607907299574
2023-10-19,12216.435,0,0,3,0,0,0,1,0,0,0,9.410619308892793,18989.448235250653,9.709903504632951
2023-10-20,19995.38,0,0,4,0,0,0,0,1,0,0,9.903306536153652,18906.078611044464,9.703592584378454
2023-10-21,0.0,0,1,5,0,0,0,0,0,1,0,0.0,18821.601880760732,9.697153100276816
2023-10-22,0.0,0,1,6,0,0,0,0,0,0,1,0.0,18736.260006125416,9.690594104757933
2023-10-23,8478.36,0,0,0,1,0,0,0,0,0,0,9.045390254239704,18650.29339407022,9.683926255638546
2023-10-24,16485.78,0,0,1,0,1,0,0,0,0,0,9.710314126625482,18563.89522246734,9.677153924752547
2023-10-25,75251.28,0,0,2,0,0,1,0,0,0,0,11.228601481155438,18477.27215449203,9.67027756715561
2023-10-26,16833.28,0,0,3,0,0,0,1,0,0,0,9.731172562637829,18390.674717316208,9.663300775428633
2023-10-27,47087.32,0,0,4,0,0,0,0,1,0,0,10.759780266236776,18304.389083930684,9.656231099339934
2023-10-28,209.08,0,1,5,0,0,0,0,0,1,0,5.347488410554486,18218.705452901064,9.649078957302143
2023-10-29,0.0,0,1,6,0,0,0,0,0,0,1,0.0,18133.866951632845,9.64185732929374
2023-10-30,7208.23,0,0,0,1,0,0,0,0,0,0,8.883117428459379,18050.070949037017,9.634582536884528
2023-10-31,22118.440000000002,0,0,1,0,1,0,0,0,0,0,10.004212138860108,17967.44757744991,9.62726965133456
2023-11-01,0.0,0,0,2,0,0,1,0,0,0,0,0.0,17886.07291396644,9.619932465322993
2023-11-02,68697.6,0,0,3,0,0,0,1,0,0,0,11.137484099545738,17805.98993740182,9.612584615955635
2023-11-03,31151.64,0,0,4,0,0,0,0,1,0,0,10.346654271828271,17727.22576033211,9.605240276974648
2023-11-04,209.08,0,1,5,0,0,0,0,0,1,0,5.347488410554486,17649.77132473566,9.59791363197635
2023-11-05,0.0,0,1,6,0,0,0,0,0,0,1,0.0,17573.54522966661,9.590618652118819
2023-11-06,2856.1,0,0,0,1,0,0,0,0,0,0,7.957562403368313,17498.42710893244,9.583369172542547
2023-11-07,78979.71,0,0,1,0,1,0,0,0,0,0,11.276958924417858,17424.292056668888,9.576175935128742
2023-11-08,83692.47,0,0,2,0,0,1,0,0,0,0,11.3349162367077,17351.016004959012,9.569041772123597
2023-11-09,16223.039999999999,0,0,3,0,0,0,1,0,0,0,9.694249371871106,17278.46728684276,9.561966482088911
2023-11-10,6665.110000000001,0,0,4,0,0,0,0,1,0,0,8.804791760381699,17206.544895360665,9.554948836740408
2023-11-11,0.0,0,1,5,0,0,0,0,0,1,0,0.0,17135.197176698726,9.547982492079989
2023-11-12,0.0,0,1,6,0,0,0,0,0,0,1,0.0,17064.445578962583,9.541064209843334
2023-11-13,88041.8,0,0,0,1,0,0,0,0,0,0,11.385578338860249,16994.296388298295,9.534192386227117
2023-11-14,42938.53,0,0,1,0,1,0,0,0,0,0,10.667548125867514,16924.72144215882,9.527363822523958
2023-11-15,69092.84,0,0,2,0,0,1,0,0,0,0,11.143220859617028,16855.687634997237,9.520573760410752
2023-11-16,54281.630000000005,0,0,3,0,0,0,1,0,0,0,10.901959565243704,16787.20642601764,9.513816778390304
2023-11-17,39345.18,0,0,4,0,0,0,0,1,0,0,10.580154171623693,16719.370679424585,9.507091739628702
2023-11-18,251.74,0,1,5,0,0,0,0,0,1,0,5.532361292330535,16652.35366244246,9.500402961158871
2023-11-19,0.0,0,1,6,0,0,0,0,0,0,1,0.0,16586.350103430657,9.49375985021731
2023-11-20,1949.6399999999999,1,0,0,1,0,0,0,0,0,0,7.575912802838476,16521.526785416972,9.487173913422469
2023-11-21,37387.87,0,0,1,0,1,0,0,0,0,0,10.529128345529978,16458.024757585834,9.480652889823352
2023-11-22,35160.37,0,0,2,0,0,1,0,0,0,0,10.467703315772658,16395.9895092554,9.474205096993712
2023-11-23,20870.010000000002,0,0,3,0,0,0,1,0,0,0,9.946116393725363,16335.584021813063,9.467841122983375
2023-11-24,79845.96,0,0,4,0,0,0,0,1,0,0,11.28786708153458,16276.995724811079,9.461574064794245
2023-11-25,0.0,0,1,5,0,0,0,0,0,1,0,0.0,16220.43067237718,9.455419780824855
2023-11-26,0.0,0,1,6,0,0,0,0,0,0,1,0.0,16166.091127661733,9.449397257685966
2023-11-27,4153.77,0,0,0,1,0,0,0,0,0,0,8.33201235076342,16114.144364581893,9.443524996480363
2023-11-28,17436.73,0,0,1,0,1,0,0,0,0,0,9.766391528440892,16064.678960312107,9.437815108967904
2023-11-29,10643.23,0,0,2,0,0,1,0,0,0,0,9.272773240282008,16017.720182019464,9.432274673630975
2023-11-30,3555.61,0,0,3,0,0,0,1,0,0,0,8.176563122979678,15973.320066400052,9.42691220107611
2023-12-01,5310.58,0,0,4,0,0,0,0,1,0,0,8.577644621765307,15931.547930083752,9.421737662007246
2023-12-02,23.42,0,1,5,0,0,0,0,0,1,0,3.1954024686825586,15892.443927578575,9.416760339177095
2023-12-03,0.0,0,1,6,0,0,0,0,0,0,1,0.0,15855.987380727654,9.411987805243283
2023-12-04,4732.175,0,0,0,1,0,0,0,0,0,0,8.46235150365753,15822.129186633289,9.407424361395172
2023-12-05,3398.8,0,0,1,0,1,0,0,0,0,0,8.13147188534467,15790.793006473556,9.403071263929393
2023-12-06,20843.86,0,0,2,0,0,1,0,0,0,0,9.944862674053438,15761.897069677843,9.398929072614473
2023-12-07,21383.23,0,0,3,0,0,0,1,0,0,0,9.970409013466114,15735.443456849209,9.395002571257347
2023-12-08,14376.630000000001,0,0,4,0,0,0,0,1,0,0,9.573428805452787,15711.494140923807,9.39129906697708
2023-12-09,0.0,0,1,5,0,0,0,0,0,1,0,0.0,15690.107600429143,9.387825818336061
2023-12-10,0.0,0,1,6,0,0,0,0,0,0,1,0.0,15671.300925926596,9.384589701329025
2023-12-11,14376.630000000001,0,0,0,1,0,0,0,0,0,0,9.573428805452787,15655.05113655238,9.381597058581221
2023-12-12,41149.27,0,0,1,0,1,0,0,0,0,0,10.624985767444565,15641.331411186055,9.378854005527268
2023-12-13,21113.545,0,0,2,0,0,1,0,0,0,0,9.957717418473779,15630.10696000167,9.376365887967896
2023-12-14,7909.400000000001,0,0,3,0,0,0,1,0,0,0,8.975933628383263,15621.350686060543,9.37413794732751
2023-12-15,67180.74,0,0,4,0,0,0,0,1,0,0,11.115156763396515,15615.054305055872,9.372176240114143
2023-12-16,0.0,0,1,5,0,0,0,0,0,1,0,0.0,15611.224009457297,9.370485792310859
2023-12-17,0.0,0,1,6,0,0,0,0,0,0,1,0.0,15609.849997836925,9.369071212310875
2023-12-18,7571.87,0,0,0,1,0,0,0,0,0,0,8.932327402717966,15610.88631823502,9.36793624132436
2023-12-19,50288.43,0,0,1,0,1,0,0,0,0,0,10.825550194840492,15614.237802369746,9.36708217998777
2023-12-20,49358.08,0,0,2,0,0,1,0,0,0,0,10.806877019831825,15619.800464499725,9.36650833232457
2023-12-21,40089.32,0,0,3,0,0,0,1,0,0,0,10.598890187645106,15627.458420851064,9.366207833071982
2023-12-22,19378.07,0,0,4,0,0,0,0,1,0,0,9.871948896677216,15637.104012646761,9.3661744611182
2023-12-23,0.0,0,1,5,0,0,0,0,0,1,0,0.0,15648.627827265898,9.366402430971473
2023-12-24,0.0,0,1,6,0,0,0,0,0,0,1,0.0,15661.924615527436,9.366881795131222
2023-12-25,0.0,1,0,0,1,0,0,0,0,0,0,0.0,15676.884271863823,9.367597597662352
2023-12-26,15156.56,0,0,1,0,1,0,0,0,0,0,9.626254696374469,15693.366952617205,9.368527455370556
2023-12-27,0.0,0,0,2,0,0,1,0,0,0,0,0.0,15711.23824598635,9.369648524550836
2023-12-28,2321.73,0,0,3,0,0,0,1,0,0,0,7.750498497001088,15730.424066983142,9.370941163888434
2023-12-29,1530.88,0,0,4,0,0,0,0,1,0,0,7.334251018250939,15750.937246429694,9.372390030928797
2023-12-30,0.0,0,1,5,0,0,0,0,0,1,0,0.0,15772.805060359633,9.37398202227439
2023-12-31,0.0,0,1,6,0,0,0,0,0,0,1,0.0,15796.007346769291,9.375703307834517
2024-01-01,0.0,1,0,0,1,0,0,0,0,0,0,0.0,15820.470783069553,9.377538068020362
2024-01-02,0.0,0,0,1,0,1,0,0,0,0,0,0.0,15846.078257182127,9.37946890026328
2024-01-03,0.0,0,0,2,0,0,1,0,0,0,0,0.0,15872.698992583322,9.381478849150156
2024-01-04,209.08,0,0,3,0,0,0,1,0,0,0,5.347488410554486,15900.25159328733,9.383553944799361
2024-01-05,1007.76,0,0,4,0,0,0,0,1,0,0,6.916477132794006,15928.691737783225,9.385678326468355
2024-01-06,0.0,0,1,5,0,0,0,0,0,1,0,0.0,15957.964198540514,9.387836622460538
2024-01-07,0.0,0,1,6,0,0,0,0,0,0,1,0.0,15987.96542824827,9.390006597646734
2024-01-08,227.76,0,0,0,1,0,0,0,0,0,0,5.4326734190471155,16018.552760814795,9.392160511418721
2024-01-09,6916.530000000001,0,0,1,0,1,0,0,0,0,0,8.841814048478565,16049.601342062491,9.394274814539541
2024-01-10,69293.09,0,0,2,0,0,1,0,0,0,0,11.146114900156048,16080.993862730116,9.396332116501789
2024-01-11,15195.01,0,0,3,0,0,0,1,0,0,0,9.628788172375213,16112.614873883216,9.398318971719185
2024-01-12,7055.01,0,0,4,0,0,0,0,1,0,0,8.861635014919184,16144.332508426212,9.400224486686126
2024-01-13,941.2,0,1,5,0,0,0,0,0,1,0,6.848217566265941,16176.046406050546,9.402041795344362
2024-01-14,0.0,0,1,6,0,0,0,0,0,0,1,0.0,16207.635077368897,9.40376155964752
2024-01-15,59420.369999999995,0,0,0,1,0,0,0,0,0,0,10.992409204960838,16238.958872718678,9.405373330636872
2024-01-16,15861.22,0,0,1,0,1,0,0,0,0,0,9.671695460172602,16269.908666759797,9.406870465807426
2024-01-17,30101.72,0,0,2,0,0,1,0,0,0,0,10.312370812102762,16300.366867925195,9.408246140547341
2024-01-18,97374.78,0,0,3,0,0,0,1,0,0,0,11.486332793410543,16330.204148372453,9.4094856846846
2024-01-19,50712.22,0,0,4,0,0,0,0,1,0,0,10.833941905096934,16359.28917649839,9.410571641052547
2024-01-20,2474.7,0,1,5,0,0,0,0,0,1,0,7.8142784632972395,16387.50098777661,9.411486883019371
2024-01-21,30.16,0,1,6,0,0,0,0,0,0,1,3.4391352210025476,16414.690842196636,9.412207553280007
2024-01-22,28054.0,0,0,0,1,0,0,0,0,0,0,10.241922148185072,16440.69674316573,9.412711318213947
2024-01-23,35916.0,0,0,1,0,1,0,0,0,0,0,10.488965999997278,16465.343150767178,9.412980058830438
2024-01-24,26006.28,0,0,2,0,0,1,0,0,0,0,10.166131777810936,16484.782399997577,9.412365298035274
2024-01-25,20841.71,0,0,3,0,0,0,1,0,0,0,9.94475952580076,16493.93679176659,9.410691758855167
2024-01-26,30961.14,0,0,4,0,0,0,0,1,0,0,10.340520446761914,16493.83578450952,9.40803759539958
2024-01-27,0.0,0,1,5,0,0,0,0,0,1,0,0.0,16485.708650204953,9.404503027864756
2024-01-28,0.0,0,1,6,0,0,0,0,0,0,1,0.0,16470.80804926055,9.400195449488994
2024-01-29,24023.455,0,0,0,1,0,0,0,0,0,0,10.086827548877757,16450.313753386607,9.395220285124061
2024-01-30,21441.17,0,0,1,0,1,0,0,0,0,0,9.973114822749647,16425.279672184028,9.389675539352943
2024-01-31,22040.63,0,0,2,0,0,1,0,0,0,0,10.000688216975039,16396.60893701442,9.383648893266443
2024-02-01,17588.815,0,0,3,0,0,0,1,0,0,0,9.7750753203369,16365.055302262079,9.377216855539526
2024-02-02,36214.51,0,0,4,0,0,0,0,1,0,0,10.497242759092742,16331.236554913628,9.370445053829412
2024-02-03,0.0,0,1,5,0,0,0,0,0,1,0,0.0,16295.652191630861,9.363389115930895
2024-02-04,228.8,0,1,6,0,0,0,0,0,0,1,5.437209365414655,16258.700407612774,9.356095710569969
2024-02-05,7320.679999999999,1,0,0,1,0,0,0,0,0,0,8.898595088819102,16220.701976988383,9.348604249717761
2024-02-06,14335.92,0,0,1,0,1,0,0,0,0,0,9.570593307262785,16181.916227508695,9.340948757056323
2024-02-07,148.45,0,0,2,0,0,1,0,0,0,0,5.006961888729947,16142.551692174327,9.333158134812251
2024-02-08,23253.64,0,0,3,0,0,0,1,0,0,0,10.054259960996554,16102.775537034468,9.325256866543391
2024-02-09,11071.76,0,0,4,0,0,0,0,1,0,0,9.31224331712022,16062.723221460932,9.317266354141216
2024-02-10,0.0,0,1,5,0,0,0,0,0,1,0,0.0,16022.502427098563,9.30920472344739
2024-02-11,0.0,0,1,6,0,0,0,0,0,0,1,0.0,15982.20027838111,9.30108729849949
2024-02-12,3124.16,0,0,0,1,0,0,0,0,0,0,8.047240760859827,15941.889780273154,9.292927105299745
2024-02-13,60042.09,0,0,1,0,1,0,0,0,0,0,11.002817750112625,15901.633120550576,9.284735326849779
2024-02-14,45032.770000000004,0,0,2,0,0,1,0,0,0,0,10.715167931754266,15861.481820357396,9.27652174713105
2024-02-15,79170.16,0,0,3,0,0,0,1,0,0,0,11.279367370072793,15821.472357758492,9.26829446683394
2024-02-16,12637.29,0,0,4,0,0,0,0,1,0,0,9.444486373738906,15781.627839417868,9.260060023710405
2024-02-17,1865.74,0,1,5,0,0,0,0,0,1,0,7.531948872997753,15741.960889803888,9.251823631306046
2024-02-18,0.0,0,1,6,0,0,0,0,0,0,1,0.0,15702.480071581056,9.243589705861552
2024-02-19,33919.89,0,0,0,1,0,0,0,0,0,0,10.43178632776917,15663.193156276451,9.235362347573348
2024-02-20,40672.81,0,0,1,0,1,0,0,0,0,0,10.613339675359326,15624.10684134823,9.227145074170318
2024-02-21,32884.384999999995,0,0,2,0,0,1,0,0,0,0,10.40078361313233,15585.222677385851,9.21894060129103
2024-02-22,74162.64,0,0,3,0,0,0,1,0,0,0,11.21402928209885,15546.53623598266,9.210750868932292
2024-02-23,27832.09,0,0,4,0,0,0,0,1,0,0,10.23398087961765,15508.037962758259,9.202577125436642
2024-02-24,0.0,0,1,5,0,0,0,0,0,1,0,0.0,15469.71272320808,9.194419954785516
2024-02-25,0.0,0,1,6,0,0,0,0,0,0,1,0.0,15431.543128765654,9.186279460216557
2024-02-26,40007.69,0,0,0,1,0,0,0,0,0,0,10.59685195950071,15393.513527814048,9.178155498235032
2024-02-27,37936.67999999999,0,0,1,0,1,0,0,0,0,0,10.543700092436397,15355.609524912921,9.170047692463326
2024-02-28,9451.86,0,0,2,0,0,1,0,0,0,0,9.154072620202522,15317.813641741779,9.161955253589214
2024-02-29,8699.61,0,0,3,0,0,0,1,0,0,0,9.071148417127267,15280.10548689676,9.153877018752755
2024-03-01,82413.92,0,0,4,0,0,0,0,1,0,0,11.319521767467903,15242.465055992763,9.145811681956788
2024-03-02,0.0,0,1,5,0,0,0,0,0,1,0,0.0,15204.872528304766,9.13775780011571
2024-03-03,0.0,0,1,6,0,0,0,0,0,0,1,0.0,15167.305621235098,9.129713608409338
2024-03-04,83754.29,0,0,0,1,0,0,0,0,0,0,11.335654611871645,15129.7435309659,9.12167722571153
2024-03-05,66780.17,0,0,1,0,1,0,0,0,0,0,11.109176433559801,15092.1668172045,9.113646663587842
2024-03-06,17245.43,0,0,2,0,0,1,0,0,0,0,9.75536044451931,15054.552631374914,9.10561959386226
2024-03-07,25620.08,0,0,3,0,0,0,1,0,0,0,10.15117072912899,15016.874142018216,9.09759335294117
2024-03-08,25039.0,0,0,4,0,0,0,0,1,0,0,10.128229825214035,14979.103670859207,9.08956508280458
2024-03-09,0.0,0,1,5,0,0,0,0,0,1,0,0.0,14941.21268363901,9.081531723530935
2024-03-10,0.0,0,1,6,0,0,0,0,0,0,1,0.0,14903.1723275024,9.07349005171644
2024-03-11,8338.31,0,0,0,1,0,0,0,0,0,0,9.028735758117213,14864.956018127663,9.065436841070717
2024-03-12,26201.16,0,0,1,0,1,0,0,0,0,0,10.173597129099063,14826.539740133734,9.05736890361758
2024-03-13,71343.92,0,0,2,0,0,1,0,0,0,0,11.175281422052112,14787.90062640383,9.04928305363472
2024-03-14,53343.36,0,0,3,0,0,0,1,0,0,0,10.884523534178019,14749.014304637576,9.041175925308693
2024-03-15,36073.130000000005,0,0,4,0,0,0,0,1,0,0,10.49333126692715,14709.852373226591,9.033043866858774
2024-03-16,0.0,0,1,5,0,0,0,0,0,1,0,0.0,14670.382506983917,9.02488295456442
2024-03-17,0.0,0,1,6,0,0,0,0,0,0,1,0.0,14630.570661410735,9.01668908520871
2024-03-18,24.94,1,0,0,1,0,0,0,0,0,0,3.255786178888298,14590.384998553869,9.008458188456563
2024-03-19,23983.11,0,0,1,0,1,0,0,0,0,0,10.085146806722788,14549.796694296449,9.000186405659909
2024-03-20,19658.75,0,0,2,0,0,1,0,0,0,0,9.886328677445333,14508.779205625331,8.991870425324874
2024-03-21,58669.67,0,0,3,0,0,0,1,0,0,0,10.979695221660393,14467.305824008483,8.983506927853062
2024-03-22,45225.92,0,0,4,0,0,0,0,1,0,0,10.719447763757026,14425.348790407663,8.975092417673329
2024-03-23,813.28,0,1,5,0,0,0,0,0,1,0,6.702304287198846,14382.876713592912,8.966623138848515
2024-03-24,0.0,0,1,6,0,0,0,0,0,0,1,0.0,14339.855624763859,8.958095235167054
2024-03-25,47198.69,0,0,0,1,0,0,0,0,0,0,10.762142603755468,14296.253513036474,8.949505300614039
2024-03-26,52963.73,0,0,1,0,1,0,0,0,0,0,10.877381499311571,14252.040277356105,8.940850053612431
2024-03-27,17446.775,0,0,2,0,0,1,0,0,0,0,9.76696741233752,14207.183062792321,8.9321259899615
2024-03-28,11172.599999999999,0,0,3,0,0,0,1,0,0,0,9.321309131991562,14161.645645049366,8.92332934710989
2024-03-29,15234.800000000001,0,0,4,0,0,0,0,1,0,0,9.631403200707402,14115.391608572769,8.914456229843056
2024-03-30,0.0,0,1,5,0,0,0,0,0,1,0,0.0,14068.385676205664,8.905502692122408
2024-03-31,0.0,0,1,6,0,0,0,0,0,0,1,0.0,14020.593816828792,8.896464738360153
2024-04-01,28861.66,0,0,0,1,0,0,0,0,0,0,10.270303997172721,13971.984787463945,8.88733844919205
2024-04-02,670.48,0,0,1,0,1,0,0,0,0,0,6.509484231454214,13922.529686544935,8.878119960332011
2024-04-03,0.0,0,0,2,0,0,1,0,0,0,0,0.0,13872.19947086382,8.868805411178641
2024-04-04,328.0,0,0,3,0,0,0,1,0,0,0,5.796057750765372,13820.967348364751,8.859391463666606
2024-04-05,1012.96,0,0,4,0,0,0,0,1,0,0,6.921618735641291,13768.80959518463,8.849875150926168
2024-04-06,0.0,0,1,5,0,0,0,0,0,1,0,0.0,13715.705469919989,8.840254290607314
2024-04-07,0.0,0,1,6,0,0,0,0,0,0,1,0.0,13661.637110443155,8.83052732693679
2024-04-08,13413.34,0,0,0,1,0,0,0,0,0,0,9.504079562991212,13606.589583010445,8.820692890452234
2024-04-09,0.0,0,0,1,0,1,0,0,0,0,0,0.0,13550.550462663969,8.810749663060239
2024-04-10,20090.22,0,0,2,0,0,1,0,0,0,0,9.908038182694904,13493.508591094951,8.800696260767342
2024-04-11,0.0,0,0,3,0,0,0,1,0,0,0,0.0,13435.45464552185,8.790531299875713
2024-04-12,4041.52,0,0,4,0,0,0,0,1,0,0,8.304623538872542,13376.379657932264,8.780253267875112
2024-04-13,0.0,0,1,5,0,0,0,0,0,1,0,0.0,13316.276745167504,8.769860715061188
2024-04-14,0.0,0,1,6,0,0,0,0,0,0,1,0.0,13255.141329595843,8.759352357217114
2024-04-15,149.76,0,0,0,1,0,0,0,0,0,0,5.015689168398935,13192.97147110277,8.748727033796555
2024-04-16,2806.47,0,0,1,0,1,0,0,0,0,0,7.940039000892105,13129.767945641948,8.737983875132665
2024-04-17,12783.88,0,0,2,0,0,1,0,0,0,0,9.45601850168202,13065.534104302069,8.72712286782321
2024-04-18,74.88,0,0,3,0,0,0,1,0,0,0,4.3291531450668135,13000.275166201814,8.71614435541103
2024-04-19,12122.84,0,0,4,0,0,0,0,1,0,0,9.402929041125915,12933.997197461602,8.705048802351515
2024-04-20,0.0,0,1,5,0,0,0,0,0,1,0,0.0,12866.708025683143,8.693837441164376
2024-04-21,0.0,0,1,6,0,0,0,0,0,0,1,0.0,12798.41642153339,8.68251158470838
2024-04-22,1306.55,0,0,0,1,0,0,0,0,0,0,7.175910436125695,17243.078077045677,9.453575101972518
2024-04-23,2806.47,0,0,1,0,1,0,0,0,0,0,7.940039000892105,17221.849915960163,9.452516417726965
2024-04-24,32148.73,0,0,2,0,0,1,0,0,0,0,10.378159331496754,17200.62175487465,9.451457733481412
2024-04-25,64399.2,0,0,3,0,0,0,1,0,0,0,11.072872017677685,17179.393593789195,9.450399049235859
2024-04-26,10158.35,0,0,4,0,0,0,0,1,0,0,9.226149742707944,17158.16543270368,9.449340364990302
2024-04-27,317.24,0,1,5,0,0,0,0,0,1,0,5.762805815105662,17136.937271618168,9.44828168074475
2024-04-28,0.0,0,1,6,0,0,0,0,0,0,1,0.0,17115.709110532654,9.447222996499196
2024-04-29,61755.93,0,0,0,1,0,0,0,0,0,0,11.030961474913925,17094.4809494472,9.44616431225364
2024-04-30,82522.39,0,0,1,0,1,0,0,0,0,0,11.320837047291462,17073.252788361686,9.445105628008086
2024-05-01,21796.850000000002,1,0,2,0,0,1,0,0,0,0,9.989566620060318,17052.024627276172,9.444046943762533
2024-05-02,21796.850000000002,0,0,3,0,0,0,1,0,0,0,9.989566620060318,17030.796466190717,9.44298825951698
2024-05-03,67193.06,0,0,4,0,0,0,0,1,0,0,11.115340129747219,17009.568305105204,9.441929575271423
2024-05-04,4503.84,0,1,5,0,0,0,0,0,1,0,8.412907653318497,16988.34014401969,9.44087089102587
2024-05-05,0.0,0,1,6,0,0,0,0,0,0,1,0.0,16967.111982934177,9.439812206780317
2024-05-06,61755.93,0,0,0,1,0,0,0,0,0,0,11.030961474913925,16945.88382184872,9.438753522534764
2024-05-07,67193.06,0,0,1,0,1,0,0,0,0,0,11.115340129747219,16924.65566076321,9.437694838289207
2024-05-08,31844.5,0,0,2,0,0,1,0,0,0,0,10.368651363734177,16903.427499677695,9.436636154043654
2024-05-09,93945.95,0,0,3,0,0,0,1,0,0,0,11.450485540238006,16882.19933859218,9.435577469798101
2024-05-10,46671.37,0,0,4,0,0,0,0,1,0,0,10.750907619741488,16860.971177506726,9.434518785552545
2024-05-11,1077.44,0,1,5,0,0,0,0,0,1,0,6.983270831458283,16839.743016421213,9.433460101306991
2024-05-12,0.0,0,1,6,0,0,0,0,0,0,1,0.0,16818.5148553357,9.432401417061438
2024-05-13,58847.8,0,0,0,1,0,0,0,0,0,0,10.982726721656398,16797.286694250244,9.431342732815885
2024-05-14,58476.01,0,0,1,0,1,0,0,0,0,0,10.976388964525578,16776.05853316473,9.430284048570329
2024-05-15,11514.38,0,0,2,0,0,1,0,0,0,0,9.3514388121445,16754.830372079217,9.429225364324775
2024-05-16,81576.83,0,0,3,0,0,0,1,0,0,0,11.309312812860993,16733.602210993704,9.428166680079222
2024-05-17,44266.37,0,0,4,0,0,0,0,1,0,0,10.698003115784356,16712.37404990825,9.427107995833666
2024-05-18,12892.880000000001,0,1,5,0,0,0,0,0,1,0,9.464508059173001,16691.145888822735,9.426049311588113
2024-05-19,9228.5,0,1,6,0,0,0,0,0,0,1,9.130160154848655,16669.917727737222,9.42499062734256
2024-05-20,44266.37,0,0,0,1,0,0,0,0,0,0,10.698003115784356,16648.68956665171,9.423931943097006
2024-05-21,45859.49,0,0,1,0,1,0,0,0,0,0,10.733359241047356,16627.461405566253,9.42287325885145
2024-05-22,49705.950000000004,0,0,2,0,0,1,0,0,0,0,10.81390004134236,16606.23324448074,9.421814574605897
2024-05-23,13879.55,0,0,3,0,0,0,1,0,0,0,9.538243858635962,16585.005083395226,9.420755890360343
2024-05-24,28402.65,0,0,4,0,0,0,0,1,0,0,10.254272937017925,16563.77692230977,9.41969720611479
2024-05-25,30096.8,0,1,5,0,0,0,0,0,1,0,10.312207358364788,16542.548761224258,9.418638521869234
2024-05-26,0.0,0,1,6,0,0,0,0,0,0,1,0.0,16521.320600138744,9.41757983762368
2024-05-27,3132.32,0,0,0,1,0,0,0,0,0,0,8.049848424261782,16500.09243905323,9.416521153378127
2024-05-28,28402.65,0,0,1,0,1,0,0,0,0,0,10.254272937017925,16478.864277967776,9.41546246913257
2024-05-29,28402.65,0,0,2,0,0,1,0,0,0,0,10.254272937017925,16457.636116882262,9.414403784887018
2024-05-30,28402.65,0,0,3,0,0,0,1,0,0,0,10.254272937017925,16436.40795579675,9.413345100641465
2024-05-31,30096.8,0,0,4,0,0,0,0,1,0,0,10.312207358364788,16415.179794711235,9.412286416395911
2024-06-01,0.0,0,1,5,0,0,0,0,0,1,0,0.0,16393.95163362578,9.411227732150355
2024-06-02,97.1,0,1,6,0,0,0,0,0,0,1,4.585987366571318,16372.723472540267,9.410169047904802
2024-06-03,13245.19,0,0,0,1,0,0,0,0,0,0,9.491465242894943,16351.495311454753,9.409110363659249
2024-06-04,85833.6,0,0,1,0,1,0,0,0,0,0,11.360177467590484,16330.267150369298,9.408051679413692
2024-06-05,64600.170000000006,0,0,2,0,0,1,0,0,0,0,11.07598780106179,16309.038989283785,9.406992995168139
2024-06-06,36421.39,0,0,3,0,0,0,1,0,0,0,10.502938974412395,16287.810828198271,9.405934310922586
2024-06-07,68425.8,0,0,4,0,0,0,0,1,0,0,11.133519839737522,16266.582667112758,9.404875626677033
2024-06-08,5603.18,0,1,5,0,0,0,0,0,1,0,8.63126802685541,16245.354506027303,9.403816942431476
2024-06-09,0.0,0,1,6,0,0,0,0,0,0,1,0.0,16224.12634494179,9.402758258185923
2024-06-10,36421.39,0,0,0,1,0,0,0,0,0,0,10.502938974412395,16202.898183856276,9.40169957394037
2024-06-11,79598.87,0,0,1,0,1,0,0,0,0,0,11.28476773866531,16181.670022770762,9.400640889694817
2024-06-12,44683.43,0,0,2,0,0,1,0,0,0,0,10.70738039777576,16160.441861685307,9.39958220544926
2024-06-13,75859.77,0,0,3,0,0,0,1,0,0,0,11.236654965468203,16139.213700599794,9.398523521203707
2024-06-14,74713.1,0,0,4,0,0,0,0,1,0,0,11.221424108329002,16117.98553951428,9.397464836958154
2024-06-15,578.8,0,1,5,0,0,0,0,0,1,0,6.362683216487555,16096.757378428825,9.396406152712597
2024-06-16,0.0,0,1,6,0,0,0,0,0,0,1,0.0,16075.529217343312,9.395347468467044
2024-06-17,21791.55,0,0,0,1,0,0,0,0,0,0,9.989323447250428,16054.301056257798,9.39428878422149
2024-06-18,32146.760000000002,0,0,1,0,1,0,0,0,0,0,10.37809805383255,16033.072895172285,9.393230099975938
2024-06-19,32146.760000000002,0,0,2,0,0,1,0,0,0,0,10.37809805383255,16011.84473408683,9.392171415730381
2024-06-20,15696.460000000001,0,0,3,0,0,0,1,0,0,0,9.661254194808556,15990.616573001316,9.391112731484828
2024-06-21,21791.55,0,0,4,0,0,0,0,1,0,0,9.989323447250428,15969.388411915803,9.390054047239275
2024-06-22,818.94,0,1,5,0,0,0,0,0,1,0,6.709231166849483,15948.16025083029,9.388995362993722
2024-06-23,33405.880000000005,0,1,6,0,0,0,0,0,0,1,10.416517145776124,15926.932089744834,9.387936678748165
2024-06-24,32146.760000000002,0,0,0,1,0,0,0,0,0,0,10.37809805383255,15905.70392865932,9.386877994502612
2024-06-25,33405.880000000005,0,0,1,0,1,0,0,0,0,0,10.416517145776124,15884.475767573807,9.385819310257059
2024-06-26,38866.75,0,0,2,0,0,1,0,0,0,0,10.5679201369123,15863.247606488352,9.384760626011502
2024-06-27,38595.91,0,0,3,0,0,0,1,0,0,0,10.560927500435133,15842.019445402839,9.383701941765949
2024-06-28,49166.39,0,0,4,0,0,0,0,1,0,0,10.802985877850091,15820.791284317325,9.382643257520396
2024-06-29,0.0,0,1,5,0,0,0,0,0,1,0,0.0,15799.563123231812,9.381584573274843
2024-06-30,9169.71,0,1,6,0,0,0,0,0,0,1,9.123769988643646,15778.334962146357,9.380525889029286
2024-07-01,25360.34,0,0,0,1,0,0,0,0,0,0,10.140981246271945,15757.106801060843,9.379467204783733
2024-07-02,37355.6,0,0,1,0,1,0,0,0,0,0,10.52826488177746,15735.87863997533,9.37840852053818
2024-07-03,29415.59,0,0,2,0,0,1,0,0,0,0,10.289314079891742,15714.650478889816,9.377349836292623
2024-07-04,46094.25,0,0,3,0,0,0,1,0,0,0,10.73846518679972,15693.422317804361,9.37629115204707
2024-07-05,55742.92,0,0,4,0,0,0,0,1,0,0,10.928523625079112,15672.194156718848,9.375232467801517
2024-07-06,209.08,0,1,5,0,0,0,0,0,1,0,5.347488410554486,15650.965995633334,9.374173783555964
2024-07-07,559.04,0,1,6,0,0,0,0,0,0,1,6.328008209749725,15629.73783454788,9.373115099310407
2024-07-08,15425.02,0,0,0,1,0,0,0,0,0,0,9.643810973005486,15608.509673462366,9.372056415064854
2024-07-09,29415.59,0,0,1,0,1,0,0,0,0,0,10.289314079891742,15587.281512376852,9.370997730819301
2024-07-10,45965.23,0,0,2,0,0,1,0,0,0,0,10.735662275430743,15566.053351291339,9.369939046573748
2024-07-11,30998.600000000002,0,0,3,0,0,0,1,0,0,0,10.34172958015823,15544.825190205884,9.368880362328191
2024-07-12,95970.15,0,0,4,0,0,0,0,1,0,0,11.471802904451206,15523.59702912037,9.367821678082638
2024-07-13,193.44,0,1,5,0,0,0,0,0,1,0,5.270123632177254,15502.368868034857,9.366762993837085
2024-07-14,0.0,0,1,6,0,0,0,0,0,0,1,0.0,15481.140706949343,9.365704309591528
2024-07-15,6209.49,0,0,0,1,0,0,0,0,0,0,8.733995076806638,15459.912545863888,9.364645625345975
2024-07-16,19682.87,0,0,1,0,1,0,0,0,0,0,9.88755479761535,15438.684384778375,9.363586941100422
2024-07-17,36327.74,0,0,2,0,0,1,0,0,0,0,10.500364442532886,15417.456223692861,9.36252825685487
2024-07-18,19682.87,0,0,3,0,0,0,1,0,0,0,9.88755479761535,15396.228062607406,9.361469572609312
2024-07-19,78186.32,0,0,4,0,0,0,0,1,0,0,11.266862765048344,15374.999901521893,9.36041088836376
2024-07-20,59.28,0,1,5,0,0,0,0,0,1,0,4.099000373758295,15353.77174043638,9.359352204118206
2024-07-21,0.0,0,1,6,0,0,0,0,0,0,1,0.0,15332.543579350866,9.35829351987265
2024-07-22,19682.87,0,0,0,1,0,0,0,0,0,0,9.88755479761535,15311.31541826541,9.357234835627096
2024-07-23,76585.86,0,0,1,0,1,0,0,0,0,0,11.246180800543959,15290.087257179897,9.356176151381543
2024-07-24,21204.52,0,0,2,0,0,1,0,0,0,0,9.962016804126293,15268.859096094384,9.35511746713599
2024-07-25,39251.590000000004,0,0,3,0,0,0,1,0,0,0,10.577772708294637,15247.630935008929,9.354058782890434
2024-07-26,42593.270000000004,0,0,4,0,0,0,0,1,0,0,10.659475016168324,15226.402773923415,9.35300009864488
2024-07-27,305.76,0,1,5,0,0,0,0,0,1,0,5.7260656828966585,15205.174612837902,9.351941414399327
2024-07-28,114.4,0,1,6,0,0,0,0,0,0,1,4.748404354073999,15183.946451752388,9.350882730153774
2024-07-29,14466.95,0,0,0,1,0,0,0,0,0,0,9.579691137163335,15162.718290666933,9.349824045908218
2024-07-30,29984.35,0,0,1,0,1,0,0,0,0,0,10.308464208037405,15141.49012958142,9.348765361662664
2024-07-31,15335.34,0,0,2,0,0,1,0,0,0,0,9.637980454537109,15120.261968495906,9.347706677417111
